entity,err_d,err_c,winner
ABACAVIR,2.2953217975548696,2.898316295166431,D
ABAZOLE,0.39499442230150167,0.6109276140308332,D
ABCIXIMAB,1.8757229418400057,1.9811185767399966,D
ABPRAZOLE,0.6374084738981034,1.035268589598186,D
ACALABRUTINIB,10.267548555816406,9.318545710185651,C
ACEBROPHYLLINE,0.7870109326263206,0.11837552196279866,C
ACEBUTOLOL,1.459385929200499,0.43705100731295543,C
ACECLOFENAC,11.66355587955772,9.220096989453253,C
ACETAMINOPHEN,30.86793357019951,27.590250503283016,C
ACICLOROVIR,0.6100564077223742,0.15267182068737428,C
ACICLOVIR,13.284572426795847,15.41839032573165,D
ACIVIR,13.017466373132379,11.909690331721364,C
ACLOVIR,0.7686046082276974,0.6748122632140059,C
ACTIMYCIN,1.0138478357599379,1.4302474316638576,D
ACTINOMYCIN,1.245111130764401,0.8532997640435238,C
ACYCLOVIR,5.110016209872526,3.71515701024893,C
ACYLOVIR,0.018815256622963794,0.560415154769276,D
ADALIMUMAB,3.986482273822114,3.497719125876058,C
ADRIAMYCIN,1.660802592281852,1.3264803600007669,C
AFATINIB,5.756689467183605,5.268629910958569,C
AKSONE,0.8467266985801172,0.5422864593901533,C
ALBENDAZOLE,1.1432979379507913,1.771044678953814,D
ALECTINIB,0.3413893555135677,0.6717347698905533,D
ALENDRONATE,10.21047819539828,9.922222130946892,C
ALPRAZOLAM,0.382056424541414,3.7519218216240127,D
ALSARTAN,0.9395189010209251,1.6352081980427808,D
AMANTADINE,1.3648686053517523,0.2915454378223501,C
AMEPROLOL,0.6174644963588882,1.2017457637334992,D
AMETHOCAINE,8.19700027323362,6.726741467618716,C
AMINOPHYLLINE,9.635035855581169,9.642281145528269,D
AMLOCODIPINE,0.0,0.11083507485958921,D
AMLODIPINE,29.50333775768354,23.046223566819663,C
AMLOPRIL,0.16886010784432903,0.41960785882619067,D
AMLOXICILLIN,1.4671704124615053,2.3322366472099896,D
AMOXCILLIN,0.6268833068191069,1.10222751824482,D
AMOXCYCILLIN,17.97969448939894,14.850693006457595,C
AMOXICILLIN,66.04647539708571,68.56870195917077,D
AMOXYCILLIN,49.612710625992236,41.54053232931176,C
AMPICILLIN,7.700379719964644,11.398030611768291,D
ANASTRAZOLE,5.1568806690639875,7.303096522953286,D
ANAZOLE,0.6115781675856296,0.10980107494272584,C
ANDBETAMETHASONE,5.973943131942283,5.18774724118248,C
ANDCLOXACILLIN,4.1380110184753525,3.7554036043175643,C
ANDFLUTICASONE,2.4007024012101876,2.098062622227698,C
ANDTENOFOVIR,0.28392617424667244,0.4892034540451665,D
ANGISARTAN,1.4067635992969296,1.1830912620122214,C
ANTECAVIR,3.588871983610129,3.431631946792628,C
ANZAVIR,0.6553645506596819,0.043943538156681505,C
APCALIS,4.463596703919869,6.326726759060321,D
APRAZOLE,0.2858183740909319,0.9700701331420727,D
ARIPIPRAZOLE,33.53416593564384,32.01274968146603,C
ARISTOCILLIN,0.3880867409175899,0.8152194506205057,D
ARORVASTATIN,6.776276181801915,6.903288062457971,D
ARTICAINE,1.8966874388810875,2.877692180862854,D
ASHWAGANDHA,2.76232037977951,1.0387206417688333,C
ASITOMYCIN,5.218677738572689,3.32030474715196,C
ASPIRIN,15.847004817189784,13.888750193849319,C
ASTATIN,0.07864699973201716,0.5780923456424805,D
ATAZANAVIR,7.367851283626923,9.829167430803041,D
ATENOLOL,10.738667659033837,12.544697032068726,D
ATEZOLIZUMAB,0.6397877616033081,0.20922055085567015,C
ATORVASTATIN,46.18555796254827,30.13686960294308,C
ATROPIN,0.7183504851394673,1.631796804647073,D
ATROVASTATIN,0.19165775400928142,0.8148507643203424,D
AUROCAINE,7.906337669107415,6.9300646468314255,C
AUROMYCIN,1.3514065010567946,0.9369038650164403,C
AUSTAVIR,0.6514832449805303,1.0833670101103023,D
AUSTELLAZITHROMYCIN,2.5955518217388276,2.328341450976101,C
AVANAFIL,3.3950101689588337,5.088801834757433,D
AXALINE,8.66008951481773,11.5140682234085,D
AXITINIB,5.281921750853683,4.006205624435145,C
AXOVIR,0.4771633725633707,0.6069583169531919,D
AZACITADINE,2.675016858593823,3.3280862811916823,D
AZACITIDINE,7.66619032089714,6.181397594785167,C
AZILSARTAN,0.14440249900780522,1.2345571883314053,D
AZITHORMYCIN,0.6973473849427494,0.9646719990286005,D
AZITHROMYCIN,91.13433832577357,84.35650541470659,C
AZITROMYCIN,0.884747257694555,0.4633011794967836,C
BACLOMETHASONE,0.0059480537827996385,0.0,C
BARICITINIB,2.0788087550136694,1.580921429277861,C
BECAINE,0.23662882519705034,0.6139503177021909,D
BECLAMETHASONE,1.1962256732390504,0.6414059126084566,C
BECLOMETASONE,9.699380764223832,3.6872641150668173,C
BECLOMETHASONE,4.950519271538369,4.619606060319981,C
BENAZEPRIL,3.718606067870816,1.3641624388015892,C
BENZOCAINE,17.901572642679458,19.346395767489145,D
BENZOYLMETRONIDAZOLE,1.3367582414504802,1.7066735930924566,D
BENZYLPENICILLIN,3.8416364176536604,4.565723353561017,D
BESIFLOXACIN,1.3550532593725921,0.9736732105756754,C
BESONE,0.7192122763893429,1.0210664025045533,D
BETADINE,15.869989377199829,14.707243315642415,C
BETAMETASONE,2.3216415656573153,2.9015402379981965,D
BETAMETHASONE,91.8976513901485,87.13596539979389,C
BETAMETHSONE,0.8360166241250047,1.0882873712372536,D
BETAXOLOL,1.0506618867358486,0.38629088432333347,C
BETHAMETHASONE,0.6262687487639593,1.0081848100986388,D
BEVACIZUMAB,30.146002188277542,30.281536400179085,D
BEVAMAB,1.5302514790611723,0.8988178558616373,C
BICTEGRAVIR,2.6541854896631847,1.5449223291846863,C
BIFONAZOLE,0.13410776437268357,0.15900584512850036,D
BIODRONATE,0.09079122488267499,0.7867868931659059,D
BIOMYCIN,1.8442781536945483,2.377213425052363,D
BIOTIN,2.3237421538698566,1.9848832983942746,C
BISOLOL,0.4608542134307658,1.0850089996314956,D
BISOPROLOL,17.348189312993554,15.319650242487086,C
BLEOMYCIN,4.3764886604533615,4.584658528601743,D
BOSUTINIB,7.962023775070085,7.068564157247546,C
BPAMLODIPINE,0.35083504048843184,0.678793451204713,D
BRENTUXIMAB,1.1057355927733763,1.4134687865131583,D
BREXPIPRAZOLE,7.99407235810844,8.0,D
BRIMOLOL,0.30071546374464386,0.14792219641883908,C
BUDESONIDE,47.63326895203136,42.048530486286836,C
BUPIVACAINE,3.42959687732008,1.2632904272446694,C
CABOZANTINIB,9.897693451743905,8.067918371312679,C
CAFFEINE,14.873368991850796,21.541964575657033,D
CAMPHOR,2.9463897871780276,2.542025744531685,C
CAMPICILLIN,3.7042689308521837,3.7944255612312148,D
CANAGLIFLOZIN,5.55253829452527,5.637739037560799,D
CANAZOLE,0.9148573657193468,1.8890507800311693,D
CANDESARTAN,0.5277859640098654,5.989730896612983,D
CANMAB,5.9112710441969405,5.7192425677131205,C
CAPOMEPRAZOLE,3.971400111200549,4.0,D
CAPTOPRIL,5.855245089838416,5.6359835742249835,C
CARBAMAZEPINE,21.50118728780086,20.312842178413234,C
CARBIMAZOLE,7.905783603578122,5.397831302207678,C
CAVERTA,4.28474703879192,4.938860521869898,D
CEFIXIME,43.27839799744436,36.61990004109481,C
CEFTRIAXONE,19.332910552410056,13.021694460013407,C
CEFTRISONE,2.473465693347605,4.17521586324443,D
CELOSTATIN,0.929259077510979,0.4234489140384572,C
CENFORCE,56.86240319484216,60.48904572584968,D
CETIRIZINE,8.93647643301506,4.521348511537582,C
CETUXIMAB,1.285664975131529,0.7987924833140125,C
CHONDROITIN,4.912551887514731,3.8335975058420697,C
CHORIOGONADOTROPIN,2.4430580682934466,1.245323060495648,C
CIDNAVIR,0.8686019028077434,1.1473019184075615,D
CIDOFOVIR,0.43393036933878903,0.7358770679639646,D
CILASTATIN,14.254407443994541,11.81602938323648,C
CILLIN,1.1069339078577523,1.4788016564725996,D
CILNDIPINE,0.289779145580403,0.5470919481950492,D
CILNIDIPINE,1.6992106485746667,0.7714481902730803,C
CILOSTAZOLE,2.692176454295084,2.5113922723852333,C
CIMETIDINE,4.840102717815494,5.098746189488505,D
CINCHOCAINE,0.15496218082435317,0.19706898773974535,D
CIPLAFLUCONAZOLE,0.3745471753766598,0.7063953235910505,D
CIPRIL,5.420888102803525,4.414461284828941,C
CIPROFLOXACIN,28.82991466674514,27.614198460654052,C
CIZUMAB,4.634818667165085,3.0760195708783797,C
CLARITHROMYCIN,18.616499241290214,18.719995320777244,D
CLINDAMYCIN,5.279621802420479,7.4492020956218425,D
CLINIDIPINE,1.2864834403769065,0.898052442922527,C
CLOBETASONE,0.4755217442281043,0.6695266345899249,D
CLOCIVIR,0.5739825256382929,0.425733404600491,C
CLONAZEPAM,1.188263198204229,0.13174214037340448,C
CLOPIDOGREL,34.106886506288674,29.467837335613382,C
CLOTRIMAZOLE,38.768023531703705,31.34341001158839,C
CLOVIR,0.8985093506683555,1.3542475471170754,D
CLOXACILLIN,21.146638500862025,17.298220356510043,C
CLOZAPINE,0.39760340318834153,2.969157134270766,D
COLLAGEN,18.149708169113733,17.270831798809496,C
COMBOVIR,6.909356526801242,6.361678035852205,C
COMETRAZOLE,1.8465771721637756,1.772290360743709,C
CONSUMPTIONACICLOVIR,2.111423029421675,0.887777317777533,C
CONSUMPTIONALBENDAZOLE,2.255495581370565,2.597472889254118,D
CONSUMPTIONAMANTADINE,0.3549029394727543,0.8806935235741229,D
CONSUMPTIONAMINOPHYLLINE,0.4644387843871933,0.13427323193256324,C
CONSUMPTIONAMLODIPINE,1.5754687782387373,1.8013028010345709,D
CONSUMPTIONAMOXICILLIN,6.6552617566976755,7.325999560247379,D
CONSUMPTIONAMOXYCILLIN,0.24033583314972695,0.4597358388548698,D
CONSUMPTIONAMPICILLIN,1.601728327933471,1.9808233638346089,D
CONSUMPTIONARIPIPRAZOLE,0.06090501094701484,0.2612726110568764,D
CONSUMPTIONATORVASTATIN,1.1079819588049662,1.4208662304285684,D
CONSUMPTIONAZITHROMYCIN,0.5883343570216399,0.4243358247100679,C
CONSUMPTIONBEVACIZUMAB,0.4952106564260039,0.17755379462180576,C
CONSUMPTIONBISOPROLOL,1.966247090015055,0.52243440082046,C
CONSUMPTIONBUPIVACAINE,1.2802254121674057,2.3208685156813833,D
CONSUMPTIONCARBIMAZOLE,0.775461454674943,0.17005230088825618,C
CONSUMPTIONCIPROFLOXACIN,1.3173606629625114,0.9654231426752755,C
CONSUMPTIONCLINDAMYCIN,0.556621845027867,1.1488265824193449,D
CONSUMPTIONCLOTRIMAZOLE,0.5858975668673918,0.18509699663528,C
CONSUMPTIONCOTRIMOXAZOLE,0.9955474089078078,1.3063057405219434,D
CONSUMPTIONCYPROHEPTADINE,3.7116270592902367,5.12605590954955,D
CONSUMPTIONDACTINOMYCIN,1.8180593826318363,1.3676063865146784,C
CONSUMPTIONDAPAGLIFLOZIN,2.981327803288672,2.693977128445233,C
CONSUMPTIONDENOSUMAB,1.4844779516108444,2.1079365538716837,D
CONSUMPTIONDEXAMETHASONE,0.1407016901904905,1.3284586273087537,D
CONSUMPTIONDOXYCYCLINE,0.6553223768595182,1.039611864814015,D
CONSUMPTIONEMPAGLIFLOZIN,0.7567404692867767,1.3364488419150973,D
CONSUMPTIONENOXAPARIN,0.4167984495293706,0.051529955671219874,C
CONSUMPTIONENTECAVIR,1.3452497593934796,1.1129973394439454,C
CONSUMPTIONESMOLOL,1.0355926709420002,0.5330603949110699,C
CONSUMPTIONESOMEPRAZOLE,1.3436910459389522,0.8864272107969622,C
CONSUMPTIONFLUTICASONE,0.7751637666472089,1.486517974532573,D
CONSUMPTIONFOSFOMYCIN,1.8492961820707596,1.487652605591429,C
CONSUMPTIONGANCICLOVIR,1.0569221801510247,0.7621296084478568,C
CONSUMPTIONHEPARIN,1.7052959323986174,1.3773821470625534,C
CONSUMPTIONHYDROCORTISONE,1.94203616924176,2.3123068781592817,D
CONSUMPTIONIMATINIB,0.43835213038596255,1.255100409424133,D
CONSUMPTIONKETOCONAZOLE,0.5714943990295085,0.47467139343140907,C
CONSUMPTIONLENVATINIB,0.34914203483458617,0.08974206815102082,C
CONSUMPTIONLEVOBUPIVACAINE,0.44766202370276353,0.07170943848796785,C
CONSUMPTIONLEVOFLOXACIN,0.8034708531784456,1.1375441625237972,D
CONSUMPTIONLIDOCAINE,0.0965648913833852,0.5971493266004673,D
CONSUMPTIONLIGNOCAINE,0.004345998858949152,0.9882497677944251,D
CONSUMPTIONLOSARTAN,0.5675472841359306,1.0254400328374975,D
CONSUMPTIONMENOTROPIN,1.3813508952816487,2.115544248400352,D
CONSUMPTIONMETHYLPREDNISOLONE,0.8889950780224092,1.1411005301203283,D
CONSUMPTIONMETOPROLOL,0.6553780303651644,0.1293127090767996,C
CONSUMPTIONMETRONIDAZOLE,2.958743180301558,3.5737346958136946,D
CONSUMPTIONMITOMYCIN,0.7215262207571334,0.18496719666854222,C
CONSUMPTIONMOMETASONE,0.5571777581665485,0.01212130052198801,C
CONSUMPTIONNIFEDIPINE,1.2805717638342604,1.9753940464257782,D
CONSUMPTIONNIMODIPINE,1.1188829731024952,1.8229447882774519,D
CONSUMPTIONOMEPRAZOLE,4.630285306961731,5.442369685681822,D
CONSUMPTIONONDANSETRON,6.220353082864428,5.798776474851047,C
CONSUMPTIONPREDNISOLONE,1.202718095709335,0.5241784644807641,C
CONSUMPTIONRANITIDINE,0.23122609048616516,0.22926926376291656,C
CONSUMPTIONRITUXIMAB,0.44527660398167623,0.44262681714265795,C
CONSUMPTIONROSUVASTATIN,0.7735870482934606,1.169370032556429,D
CONSUMPTIONSILDENAFIL,1.279534302549684,2.1259202057655147,D
CONSUMPTIONTADALAFIL,0.2570129417735705,0.34858006404159814,D
CONSUMPTIONTELMISARTAN,1.346705181791662,0.4175858467125668,C
CONSUMPTIONTENOFOVIR,2.9130979868873474,3.1491189005003815,D
CONSUMPTIONTOFACITINIB,0.9092343555179605,0.63496953191407,C
CONSUMPTIONTRIAMCINOLONE,1.1320745370292769,0.2946336909222764,C
CONSUMPTIONUROFOLLITROPIN,3.599681453832481,3.470447824713399,C
CONSUMPTIONVANCOMYCIN,1.17880596745184,0.6204702355870082,C
CONSUMPTIONVORICONAZOLE,0.8538332261251491,0.6920687460645951,C
CONTAINSSILDENAFIL,0.33694535872085474,0.5273985893839539,D
CONTAINSTRENBOLONE,1.6026211965176245,2.373740154318998,D
CORASTATIN,0.8008865936060225,1.0999604984165892,D
COROVIR,4.599205067436049,3.5892067470634075,C
CORTECYCLINE,0.6323756760081665,1.122903288619133,D
CORTISONE,0.42030674842754645,0.0256511540699913,C
COTRIMAXAZOLE,0.17027104415394234,0.7954049590415315,D
COTRIMAZOLE,3.0047956590442153,5.528530709868914,D
COTRIMOXAZOLE,5.6224430023954,4.716808482008943,C
COTROPIN,0.2775395185042844,0.34724658155072907,D
CREAMBETAMETHASONE,2.3123364221774887,1.5994621568989418,C
CRONIVIR,8.579221251474493,7.990728527577072,C
CURCUMIN,0.512583905382586,0.5337897650949177,D
CUTISONE,0.604478691771555,0.25085752658744287,C
CYNOMYCIN,3.3514551816208353,4.23396750350204,D
CYPROHEPTADINE,8.493155709469534,6.231802950882923,C
CYPROHETADINE,0.5100559410379641,1.1782110250032554,D
DACLATASVIR,6.1181317281989465,5.8584250806443166,C
DACTINOMYCIN,6.883222884359661,7.511488402508775,D
DALTEPARIN,1.7169166818596366,1.9231019792858346,D
DAPAGLIFLOZIN,50.524059765734904,45.28239283776682,C
DAPOXETINE,25.315756020217194,25.473844844097172,D
DAPSONE,41.14743852511508,34.83679251071281,C
DAPTOMYCIN,11.60373765321356,10.01048661406394,C
DARATUMUMAB,12.071559527086773,10.187352835917451,C
DARUNAVIR,2.4844859546728735,4.2614845786051845,D
DASAMOOLAM,1.2955492325320979,0.6748552481862866,C
DASATINIB,7.802956670822791,7.370059410921169,C
DELICIUOSSILDENAFIL,1.7172404747052825,3.266918553304528,D
DEMISONE,4.459536096360738,4.1865018966165914,C
DENOSUMAB,19.072204677535694,17.497366286086617,C
DERMANEOMYCIN,0.014199136658798033,0.0,C
DERMAZOLE,5.766801152274649,6.529717637275059,D
DERMOSONE,0.4603156366713374,0.8232589422709351,D
DESLORATADINE,8.170531005739662,7.125833831847075,C
DESLORATIDINE,2.002026869926084,0.42656913469890245,C
DESOXIMETASONE,1.0291072917926205,0.5160052694461656,C
DEXAMETASONE,1.2308337541180918,0.9923680260758654,C
DEXAMETHASONE,27.212117460204496,21.199654834785065,C
DEXAMETHOSONE,15.981236984208284,14.186073411942218,C
DEXAMETHSONE,1.2120221665788309,0.5393989776804657,C
DEXAMMETHASONE,5.795099530170545,5.69235503314181,C
DEXASONE,0.5236799144294704,1.0648339873485302,D
DEXLANSOPRAZOLE,8.429120660886184,7.794605916420338,C
DEXRABEPRAZOLE,1.34240583532533,0.7163707096919589,C
DIAZEPAM,8.64600104301875,8.749632546129678,D
DIAZOLE,2.7756773556832437,1.4072361050704183,C
DICLOFENAC,46.28018703633734,51.95533787912325,D
DICLOXACILLIN,6.269852817163127,3.88572442752079,C
DOLUTEGRAVIR,5.234555590295145,0.897508860038684,C
DOMPERIDONE,3.5744594002476333,4.1786515399800805,D
DONEPEZIL,25.31249426103612,25.89734140130409,D
DOXCYCLINE,0.5956853631818475,0.845176557049267,D
DOXYCYCLINE,16.237534100445288,11.715167308875039,C
DROPSCIPROFLOXACIN,0.05343065373086276,0.07093785823705179,D
DROSTANOLONE,10.678616933033144,10.967183987553685,D
DROSTENOLONE,2.07738886395685,1.4223847298994468,C
DROSTOLONE,3.3041031278258237,2.864778730983409,C
DULOXETINE,22.78347545488012,15.616519448896668,C
DUOVIR,1.4132282540413534,0.1880123489374892,C
ECONAZOLE,2.802224358318382,1.2901101859149406,C
ECOPRIL,1.3835407207708303,0.892278253877933,C
EFAVIR,1.7859371893833078,2.5344296079574757,D
EKANGVIR,0.3863006216596223,0.176235741797083,C
EKOVIR,0.6858487645459532,1.0805535345697879,D
ELOSONE,0.1577745315738439,0.8503398135392304,D
EMPAGLIFLOZIN,2.667413056328712,2.309319505888908,C
EMPLAGLIFLOZIN,2.7921185898330965,2.6108268427602184,C
ENALAPRIL,18.093445358194458,11.240186463471588,C
ENAPRIL,0.6944926631358861,0.11919392188331912,C
ENOXAPARIN,3.6858729442960367,3.808129606733587,D
ENROFLOXACIN,3.718585946853988,4.737467622320885,D
ENTACAVIR,0.29978957832426867,0.4507444859291988,D
ENTAVIR,3.222703174710774,4.648354422652909,D
ENTECAVIR,6.976557436741523,5.031064784997287,C
EPERISONE,0.7699204560958326,1.128456597518075,D
ERDAFITINIB,0.06088283576619607,0.0,C
ERLOTINIB,6.214365622228472,6.269463514605251,D
ERTHROMYCIN,0.11885766348348747,0.3792218845665405,D
ERYTHROMYCIN,27.30613241202107,26.74567913511811,C
ESCITALOPRAM,57.84172982410391,52.808566767586,C
ESMOLOL,9.869792371434759,8.474898320317811,C
ESOMAPRAZOLE,2.464798170909323,1.8232036256998991,C
ESOMEPRAZOLE,8.837914743655858,16.372889957473035,D
ESOMPERAZOLE,1.6515054781273246,0.9746779786481852,C
ESTRADIOL,22.69522237449854,26.506875705584207,D
ETOPHYLLINE,2.083347226400795,3.068747737223891,D
EUCALYPTUS,0.7308292679911332,1.6388959383185089,D
EUMOSONE,0.9158195048372648,1.6782548169340976,D
EUTROPIN,0.5295475452397937,0.5882433440956163,D
EYEVIR,0.8354005679068015,0.8182554600194689,C
FAMCICLOVIR,5.303785482696403,4.155193212860197,C
FAMOTIDINE,31.44671897166839,28.688570739964376,C
FEBENDAZOLE,3.304730793787231,3.8584330006688425,D
FELIMAZOLE,3.8023091397220825,1.7134481020534342,C
FELODIPINE,0.37374597964744893,0.16809941054942357,C
FENBENDAZOLE,17.213269654386465,13.591408451052214,C
FEXOFENADINE,22.12307714621062,24.886239569182266,D
FILDENA,39.75625483540804,39.49796442956708,C
FLUCANAZOLE,0.3722870111984742,0.0028472946545750055,C
FLUCINOLONE,3.6034535420337264,3.39087434266432,C
FLUCLOXACILLIN,39.39748755754772,37.47846990285969,C
FLUCONAZOLE,34.22389133871303,31.338243318014122,C
FLUDROCORTISONE,9.492801058777847,9.385657356712937,C
FLUOCINOLONE,6.705108706736354,6.643675088252223,C
FLUOROMETHOLONE,2.157549295169682,1.1512146601760396,C
FLUOXYMESTEROLONE,0.4838861481778658,0.3078883340884542,C
FLURISONE,0.445337864295301,0.9358609348622935,D
FLUROMETHOLONE,1.8707203969769033,1.442008159818204,C
FLUTICASONE,12.329595464065846,14.873143467434204,D
FLUVASTATIN,2.2075345445995516,0.7490482798585241,C
FLUVIR,2.7194859998171026,4.153826295101133,D
FOLLITROPIN,6.588605818608833,6.450507546174454,C
FORMOTEROL,21.698537026535888,18.645795376530515,C
FORTIVIR,0.527047560805149,0.7748554975685233,D
FOSFOMYCIN,0.3876616281544045,2.5367699490765467,D
FOSINOPRIL,1.0207856534639754,3.3451709308160424,D
FUROSEMIDE,42.71423934332563,41.05590571575141,C
GABAPENTIN,3.2833399741165863,3.886892799242844,D
GAMAKVIR,1.1737451217350152,0.9668418898299971,C
GANCICLOVIR,3.562835416010003,2.5223081990243372,C
GATIFLOXACIN,1.872221281778227,2.8660377646066415,D
GEFITINIB,1.3674464338428596,1.433860571135341,D
GEFTINIB,2.1749404704146493,1.8733653200411344,C
GELCLINDAMYCIN,4.548580085200577,5.306866590282933,D
GENOTROPIN,9.318223265300913,10.339309926662619,D
GENTAMYCIN,6.825467725458431,6.6950103225997,C
GLIMEPIRIDE,4.665459012623614,5.134843343434412,D
GLOMATINIB,0.6557951094501879,1.1043426764140174,D
GLOPRIL,0.8003940896947599,1.7273867203066526,D
GLUCOSAMINE,7.240930971955155,6.221467126560739,C
GMSILDENAFIL,0.5076678165901076,0.9568093223103138,D
GOLIMUMAB,1.0385264315618439,0.4996069055282426,C
GONADOTROPIN,2.5275518594942916,3.5068208699009666,D
GONDOTROPIN,0.08866262135358882,0.5491643713257592,D
GOODSATENOLOL,0.1610276374792745,0.6880655365442165,D
GOODSENALAPRIL,2.21656015143173,1.9907985976985398,C
GOODSMETRONIDAZOLE,0.7172274882062633,0.6991496682244345,C
GRANISETRON,0.5904958212097462,0.26850130775059533,C
HCLTIMOLOL,2.3305045177760695,2.7431603188129112,D
HEPARIN,28.903891627852573,22.003328165660946,C
HISONE,5.1395957957358505,5.628997409845894,D
HISTIDINE,3.670965452221605,3.2396221604981976,C
HUMENOTROPIN,0.3154151507710688,0.4294235329645109,D
HYDROCORTISONE,78.17450087176138,75.29399148231863,C
IBANDRONATE,2.3473709002678884,2.477131493659373,D
IBRUTINIB,9.415291921836786,8.000491387524516,C
IBUPROFEN,63.209751748567214,61.8710265176029,C
IMATINIB,3.146387573258579,2.2833096479859734,C
IMSTATIN,0.612808409220847,0.953779642301602,D
INDAPRIL,0.4559782276385328,0.7596919684898177,D
INFIMAB,0.6583617065980243,1.0544336568688037,D
INFLIXIMAB,3.392817940948624,4.540073917373749,D
INJECTIONBUPIVACAINE,0.18825531535285012,0.34429958849646,D
INJECTIONLIGNOCAINE,0.09679482236475419,0.12305798674327595,D
INSULIN,18.407647353155,16.710656414287897,C
INTACAINE,7.1545907580376324,5.676529807345338,C
INTAMAB,0.09832632329600832,0.24861338406401523,D
INTOVIR,0.915140210999907,0.5176482986580535,C
IRBESARTAN,34.5624963766266,37.62352611292792,D
ITRACONAZOLE,25.57534017733569,24.604967125709976,C
ITRAZOLE,0.6078537522113214,1.0414365858275205,D
JOVASTATIN,3.098668608059218,2.3339764449796614,C
KAMAGRA,317.66880970610566,321.41298777178054,D
KESPRAZOLE,0.033465605523993705,0.0,C
KETACONAZOLE,4.980502858887053,3.752894914594245,C
KETAZOLE,0.2830913124511824,0.3676483990689501,D
KETOCONAZOLE,22.303350181899447,20.081847902889166,C
KETOKONAZOLE,2.3026265581608722,2.1725860433007256,C
LACIDIPINE,1.6703457654360885,1.111980601198713,C
LAMIVIR,0.00739969435966259,0.35525370219704033,D
LANSAPRAZOLE,1.660101381946849,1.3262730124355584,C
LANSOPARAZOLE,2.355506306183541,2.156430754513031,C
LANSOPRAZOLE,14.617686322041422,14.922428197592609,D
LAPATINIB,3.6396161190988003,4.309069225081942,D
LEDIPASVIR,2.8115970774877184,2.69489088773131,C
LEECAINE,1.6843365988167216,1.4602068837973992,C
LENVATINIB,5.646099962829005,6.749669959314005,D
LEPRIL,1.062282655160049,1.8172307200487723,D
LERCANIDIPINE,0.40782785932701415,3.09981825770506,D
LETRAZOLE,2.298304181478179,2.055756367345666,C
LEVETIRACETAM,14.200755387590903,16.110886044256404,D
LEVOBUPIVACAINE,0.10867589960387924,1.594132344804919,D
LEVOFLOXACIN,12.14971531727474,10.7076993113956,C
LEVOTHYROXINE,45.74553124945215,47.21904057502349,D
LIDOCAINE,20.289142890453775,21.04989667823321,D
LIDOCAINEPRILOCAINE,1.6848783747418197,2.256381392059564,D
LIGNOCAINE,48.14921691906788,41.764137540262155,C
LINAGLIPTIN,0.3216439921636791,0.1030525343180102,C
LINCOMYCIN,4.398944136386479,5.680519220568177,D
LINEZOLID,4.26563988380321,4.5702677072867175,D
LIPRIL,14.13371144910262,14.738654885045143,D
LISINOPRIL,3.2320252371975187,6.848013298347567,D
LISNOPRIL,0.3555917437145537,0.6700850011846692,D
LISUPRIL,0.7955217059662005,1.6533911543228925,D
LIVOFLOXACIN,0.15416112716825364,0.19745038608638313,D
LOASARTAN,0.8450026465790104,1.628557464318126,D
LOPINAVIR,7.327036283248315,10.186069109959025,D
LORATADINE,1.7751318307461617,2.3775031621377565,D
LORATIDINE,3.4990029825991833,3.0275856332509754,C
LORAZEPAM,2.2355332454836168,2.633885095315175,D
LOSARTAN,48.851574147843394,52.968592737035294,D
LOSOPRIL,0.9478623718634349,1.4278260232160702,D
LOVASTATIN,0.7852066351226803,1.7978031913630872,D
LULICONAZOLE,5.551337881242768,4.637582624035378,C
LUSTATIN,2.504547901549137,6.0514443528702,D
LYMECYCLINE,0.9318944910539948,1.545514582288913,D
MACAINE,0.940027885374281,1.4429918594405697,D
MACROMYCIN,0.2791951154953477,0.4395499030647819,D
MALEGRA,49.27430660196811,46.86610554177922,C
MANFORCE,0.975375146466567,1.2796741997723307,D
MANIDIPINE,4.798333451774788,3.7552659531446366,C
MARBOFLOXACIN,1.6303235580898825,1.2313715680869475,C
MAXCILLIN,5.408243442663394,4.722110088820444,C
MCOSVIR,12.820135532089976,10.554191649616406,C
MEBENDAZOLE,44.317364440978,38.46793213253413,C
MEDICINESAZITHROMYCIN,3.3456480529014962,3.0485440051425066,C
MEDICINESSIMVASTATIN,6.40236248404165,5.91351453246557,C
MEDIPRAZOLE,3.4764185024350978,3.031437965965228,C
MEDOPRIL,3.6459731450285355,2.843272290460485,C
MEFENAMIC,15.943263576255646,15.884470103195461,C
MEGAPARIN,0.6745008180345613,1.260742710381283,D
MELATONIN,29.651148538230828,26.97121508731061,C
MENOTROPIN,12.662127669062336,11.18966319449467,C
MENTHOL,12.076309991700981,9.247313083626295,C
MEPIVACAINE,0.8151744347244245,1.6146314256882535,D
MERCAZOLE,1.4879625134781218,1.6700825077757067,D
MEROPENEM,5.003461155040071,5.854860922549079,D
MESTEROLONE,0.21777679480261725,0.12246014942884642,C
METAPROLOL,0.7538185942764213,1.6314120578223597,D
METFORMIN,21.229552854323288,14.589583624132274,C
METHENOLONE,2.7093603545577345,3.443810404652325,D
METHIMAZOLE,13.668481936975958,12.651095688592214,C
METHLYPREDNISOLONE,0.0893580011252868,0.6806191940627289,D
METHONOLONE,2.47507316263356,1.9982897807907631,C
METHYLCOBALAMIN,3.2681288288656276,4.30669733718036,D
METHYLEREDNISOLONE,2.0569487510089672,2.3989929518443263,D
METHYLPRDNISOLONE,2.501554780131096,1.9093967654366386,C
METHYLPREDNISOLONE,19.376444244467052,18.266897465767443,C
METHYPREDNISOLONE,1.6819776822930326,2.91319868023301,D
METOLOL,0.7275463785626233,1.3717249217248262,D
METOPROLOL,7.908282959742678,8.130069466501311,D
METRONIDAZOLE,25.288973639693552,22.538264460116977,C
METROPROLOL,7.660101381946849,7.5710768677528915,C
MEXAPARIN,0.2749537814085743,0.3229092720149004,D
MGAVANAFIL,0.14460932119921227,0.18492155329973214,D
MGAZITHROMYCIN,0.4209590770928695,0.6711444841951085,D
MGDAPAGLIFLOZIN,5.317218836489109,3.9871358272650266,C
MGDOXYCYCLINE,0.20356141770483094,0.3085643005781233,D
MGOMEPRAZOLE,0.34564370521927357,0.43184842722781647,D
MGSIDENAFIL,0.4561731846155368,0.5722677853809612,D
MGSILDENAFIL,2.1824358367881307,8.527572341098155,D
MGTADALAFIL,3.0130441348097,7.058015761612204,D
MGTELMISARTAN,0.09293562540376282,0.12424794960364775,D
MICANAZOLE,0.638440930209073,0.06214803544174585,C
MICNAZOLE,0.6947611356646237,1.2502509403809112,D
MICOCYCLINE,3.6115391190422326,3.2085611023202283,C
MICONAZOLE,32.349173787859684,30.078197007332903,C
MICROVIR,1.4012407330769372,0.9562508445250701,C
MIDAZOLAM,7.659987549788262,5.466793047006828,C
MINICYCLINE,2.7863501276663847,4.3481779907601865,D
MINOCYCLINE,1.0053962433147348,3.4272355506225054,D
MIOVIR,1.469040109064076,1.271398022707369,C
MIRTAZAPINE,66.57751087855785,58.55432315191767,C
MITOMYCIN,4.975974097213992,5.057639942354548,D
MLMOXIFLOXACIN,0.5967558562961843,0.40082493343113434,C
MNOPHYLLINE,3.0515034876823695,2.8444609093664406,C
MODAFIL,4.504233682604394,3.2567444681435234,C
MOLNUPIRAVIR,4.326327029554399,2.7649481866103276,C
MOMENTASONE,0.4394636526525191,1.2133841157356855,D
MOMETASONE,55.38453877090765,51.35949099628684,C
MONTELUKAST,32.945689418394124,32.26937142756529,C
MOROVIR,4.84020936168371,4.566701436001182,C
MOXIFLOXACIN,17.013509280021964,15.319429255131496,C
MUCAINE,3.7973939741994,2.892821463054528,C
MYLOTINIB,0.13310927603893186,0.5651622966935301,D
MYOSONE,1.1114363137941816,1.7284606201872263,D
NADIFLOXACIN,0.45588054237179554,1.2210704344669336,D
NADOLOL,3.1468170521985153,4.410852853220004,D
NAMCOMYCIN,5.460673219900612,4.722006288956438,C
NANDROLONE,4.215830582550495,6.814560408400467,D
NAPRIL,2.289788478673558,2.0357955743585823,C
NAPROXEN,46.722339154673506,41.79069975011279,C
NATAMYCIN,1.8099806166805656,0.8729187455495548,C
NATCLOVIR,1.0993848321422042,1.5644830199136648,D
NEBIVOLOL,34.031801593349286,33.2923017412312,C
NEOCLOVIR,4.885411897671343,4.572986738502076,C
NEOMERCAZOLE,0.27982551208715467,0.1381319166620747,C
NEOMYCIN,59.30121214510653,58.52212794739438,C
NICARDIPINE,11.496183647747364,10.29250802951284,C
NIFEDIPINE,14.308041552522766,8.757512008728412,C
NIFIDIPINE,2.1807078771684187,3.1111199147849167,D
NILOTINIB,6.48040318639579,5.355630447530123,C
NIMESULIDE,4.441325733514155,6.472845866414161,D
NIMODIPINE,0.8044045915396474,3.1835499540064944,D
NIMOTUZUMAB,0.035025436858313164,0.3714491629232448,D
NIRMATRELVIR,0.9694113663173622,1.5446088645365514,D
NIVOLUMAB,10.656614284118469,9.663127298035821,C
NIZATIDINE,1.1924507078621644,1.8674946055161064,D
NORDITROPIN,2.0121961080525756,2.3146782306949,D
NORFLOXACIN,6.981378093259494,6.341236480345586,C
NOXAPARIN,0.3947489750416149,0.27049261372603595,C
NTAMYCIN,1.3677215184660803,0.8946288881933306,C
NUPARIN,0.07022141104633713,0.08970530758795052,D
NYSTATIN,4.877348098004788,2.023281607042094,C
OCLACITINIB,0.6400545945898446,0.26871544158634597,C
OCRELIZUMAB,2.6102205337185738,2.049974703286938,C
OCUCYCLINE,0.6879584575075954,0.868293835436444,D
OCUMYCIN,0.29941048772722456,0.09821064296398174,C
OCUVIR,10.57272087833569,10.294181391061159,C
ODANSETRON,1.173516713039382,1.6324947835609533,D
OFLOXACIN,12.953643324478662,12.34299119476114,C
OLANZAPINE,13.827476030229093,7.47092479644553,C
OLAPATADINE,1.2556379808759583,0.7802095592012179,C
OLIMAB,7.3153617453380875,6.941534980618272,C
OLMESARTAN,17.051936290479034,15.500449766961594,C
OLOPATADINE,11.572864615066301,11.247570933237043,C
OLPAVIR,0.7948719901139265,0.6774580778198409,C
OMALIZUMAB,0.7557004774393263,0.5532477794123674,C
OMEPRAZOLE,67.05424932765038,59.55765745621352,C
OMIPRAZOLE,0.5793840934913128,1.0968282757071997,D
OMPERAZOLE,1.5801520497605437,2.148487662732773,D
ONAPRIL,0.23596392510064426,0.7787081668962008,D
ONDANSETRON,90.43108167481023,85.94923630102102,C
ONDASETRON,0.008494847762496871,0.6135952546220129,D
ONDENSETRON,0.5788200421532235,1.402306871401871,D
ONTINIB,2.6455224906766928,2.3271312879563517,C
ORAFIL,3.0740198586404297,3.3234092967057123,D
ORDNIDAZOLE,0.4956222405284984,0.6447372177915973,D
ORNIDAZOLE,12.297868179770344,12.734404559814326,D
OSELTAMIVIR,15.30645209602281,12.09851615581205,C
OSELVIR,5.809994739800917,2.7254131904430423,C
OSETRON,1.2661466176406684,4.062151039784828,D
OSIMERTINIB,2.786601150285308,1.691163460780742,C
OSIVIR,2.7969107606376804,1.9066586401269685,C
OXACILLIN,0.6381089847524195,1.0486882247035725,D
OXANDROLONE,13.760380004397554,11.971457618381415,C
OXAZEPAM,0.5317398548268673,0.034456157228617945,C
OXETACAINE,1.4921044747816428,2.749121340549305,D
OXFENDAZOLE,0.8952053309228427,1.2570533770974137,D
OXYMETHOLONE,5.820679558537574,5.105392744233598,C
OXYTETRACYCLINE,10.799444260319152,7.626105657030317,C
PALNOSETRON,0.6310474594601878,0.2208967493856573,C
PALONOSETRON,1.5498453749141845,0.9905134963128539,C
PAMIDRONATE,1.9123406566295325,2.310980806877914,D
PANTAPRAZOLE,4.743545228648312,4.794234893808078,D
PANTOPRAZOLE,33.50494396098355,37.324375816316376,D
PAPARIN,0.028806027418163183,1.0234793360918948,D
PARACAINE,0.7203306975433479,1.1320199892393108,D
PARACETAMOL,118.67714296909685,109.22759548889917,C
PDSOLONE,1.1745885856215046,1.9398058628023234,D
PEMBROLIZUMAB,4.101022770928681,4.892199317218946,D
PENCILLIN,1.4264466214182403,0.9627370631501528,C
PENICILLIN,15.648916677502129,18.301907012709066,D
PENTOPRAZOLE,2.9819831081519723,2.8345600993117213,C
PENVIR,5.17617137461237,3.963755202471262,C
PERINDOPRIL,11.945946271370154,13.952800838497787,D
PERTUZUMAB,3.475178516711543,2.8946199203415457,C
PETAZOLE,0.9972532385093478,2.0852040762415163,D
PHENOCAINE,0.35020202912952936,1.0697193923880928,D
PHENOXYMETHLPENICILLIN,0.8210224258418874,1.2954459749101848,D
PHENOXYMETHYLPENCILLIN,1.4190355525072231,2.190279499733058,D
PHENOXYMETHYLPENICILLIN,2.790209218592384,3.675555893026374,D
PHENYTOIN,10.023025938876955,9.253787403435496,C
PHYLLINE,2.357648079004349,2.0321993448593294,C
PIPERACILLIN,1.7617625804780488,1.5163928906280972,C
PIPRACILLIN,0.8825347075266095,0.48458037259093967,C
PITAVASTATIN,5.31210921872534,4.634570433554643,C
PONATINIB,0.28446728757698514,0.18809546742460626,C
POSACONAZOLE,13.670779035380061,13.140349288124876,C
PRAVASTATIN,24.49005225080146,23.26956494243965,C
PRAZOLE,0.8510670989230933,0.05581417082135243,C
PREDINISOLONE,3.335400330266481,1.6607720312646848,C
PREDISOLONE,0.2839504697553258,0.6054233675384655,D
PREDNISOLONE,68.74261930506094,66.99245675219987,C
PREDNISONE,7.542467696432741,0.11750203194804953,C
PREGABALIN,45.339990336673395,39.70783211910714,C
PRENISOLONE,0.503978356201785,0.701735609442043,D
PRESARTAN,7.6542164415798375,0.3746314493288878,C
PRILOCAINE,0.5704155919087563,1.436240844184393,D
PRINDOPRIL,1.2185791337592309,1.4427835232951378,D
PROCAINE,0.38471663952593715,1.1189216264058386,D
PROCTOCAINE,0.005373815579925889,0.5042756277700002,D
PROGESTERONE,0.33296287540503045,1.8572039143410564,D
PROLOL,1.3748884848118248,1.1784964064748031,C
PROPANOLOL,0.8973087587958606,0.4078331911118871,C
PROPARACAINE,31.6034188644333,25.563648818407817,C
PROPONOLOL,0.8494078037150183,1.3570369486385685,D
PROPRANOLOL,10.459085166552597,14.5519256138804,D
QUETIAPINE,31.123526048975748,27.974358200628387,C
QUINAPRIL,1.6300278158064825,0.7806395331539355,C
RABEPRAZOLE,6.484712750116074,7.3057130591064094,D
RALTEGRAVIR,2.7174949543357334,2.357289780897596,C
RAMIPRIL,13.311391305189858,12.332568666390046,C
RAMUCIRUMAB,0.4203699800680267,0.1029714558820487,C
RANIBIZUMAB,0.828268380449225,0.4389784548358069,C
RANITIDINE,6.161988726256183,6.0667068865149645,C
RAPAMYCIN,4.980476849749865,3.8037240380024735,C
RASOMYCIN,0.5055282557134082,1.3383078380931661,D
RAZUMAB,0.5719352634187125,0.15587391290065544,C
READYAZITHROMYCIN,0.0182770583282319,0.6018517759207764,D
REBEPRAZOLE,2.41941434160056,3.291543995284388,D
REMDESIVIR,2.3781320741805194,0.259001990913851,C
REMOGLIFLOZIN,0.9988314647870524,1.6431968534832722,D
RICOVIR,2.061597129033765,2.572354587528211,D
RISEDRONATE,15.50537390036509,17.478610760144925,D
RISPERIDONE,27.98052553142034,25.570715913323085,C
RITONAVIR,6.741923610510746,8.522709161532806,D
RITUXIMAB,2.8082608608892556,2.8151001802002895,D
ROPIVACAINE,3.658207009372113,5.366911096574107,D
ROSCILLIN,1.6010677634176473,1.1408325116649474,C
ROSOPRIL,2.177989531161014,4.2078702134488015,D
ROSUVASTATIN,94.74142146843934,93.74355818210023,C
ROSVASTATIN,0.1595484914585521,0.32038532535710074,D
ROXITHROMYCIN,0.561349626750415,1.071724282573573,D
ROZUVASTATIN,0.594165407182462,1.4732746510399894,D
RUPATADINE,8.385308936951606,9.560152206491626,D
RUXOLITINIB,0.30312949607591616,0.9336106294656109,D
SALBUTAMOL,61.65274263651702,50.003776215797075,C
SALMETEROLFLUTICASONE,1.3785395635681663,2.312248913847574,D
SAMLODIPINE,1.77267304282627,1.692714593992185,C
SAXAGLIPTIN,3.103220620820265,1.004277430597753,C
SECNIDAZOLE,2.373123558013191,1.2981856253939448,C
SECUKINUMAB,0.48173656683188026,0.13486661031219738,C
SELTAVIR,0.4214347670405881,0.6408555226485313,D
SERTACONAZOLE,0.8250121928196315,0.46361109225792907,C
SERTRALINE,8.307902598851399,13.427317526563002,D
SETRON,0.5635279619700553,0.21893545034958528,C
SHATAVARI,8.044977058497786,9.99250104838675,D
SIDENAFIL,1.0700818238195229,2.9912283900714147,D
SILAGRA,10.895472833502595,9.316834757814469,C
SILDENAFIL,214.78215227789133,212.9892637279936,C
SILDINAFIL,1.5214283973072873,1.2888299597699415,C
SILDNAFIL,0.4953320748424943,0.6288043160126584,D
SIMVASTATIN,35.09477241998029,33.77120972356413,C
SITAGLIPTIN,46.67197444131435,44.01827270293501,C
SITAPRIL,0.8403297245715837,2.088112188096825,D
SLIDENAFIL,0.5511665357550027,0.26263817023198255,C
SOFAMYCIN,7.994081105935037,8.0,D
SOFOSBUVIR,5.49717017403497,3.8496795971653412,C
SOFRAMYCIN,15.014401961030783,14.755298890386358,C
SOLONE,0.1919188717292415,0.36354036472991735,D
SOMATOSTATIN,4.954492790046776,4.720647730316275,C
SOMATROPIN,14.101497428781144,14.770031172036362,D
SOSPENISONE,0.7993612529597636,1.1981309474794752,D
SPARCAINE,1.8010899717264564,2.080583279358041,D
SPECTINOMYCIN,6.362966624357082,5.148129327593201,C
SPIRAMYCIN,1.9261288238707603,2.4115465010625328,D
STANAZOLOL,5.4807982422689605,6.384453983556213,D
STANOZOLOL,7.787159244691388,8.602107752628712,D
STANZOLOL,2.5838897306264865,2.3951677912037015,C
STREPTOMYCIN,10.866685231290184,9.532395713121124,C
SUCRAFIL,2.9687990845892482,1.43983320343842,C
SUHAGRA,27.39305532252888,26.010895558364524,C
SULFAMETHOXAZOLE,6.62037705685697,7.753610930624035,D
SULPHAMETHOXAZOLE,2.765419385473386,3.266491676202641,D
SULTAMICILLIN,3.2103864335733814,2.7112172711709395,C
SUNITINIB,3.5544337548554807,2.153846335553638,C
SUPLHAMETHOXAZOLE,1.7299816601092142,1.5506578829168445,C
TABAZITHROMYCIN,2.4043146368181523,2.0945315219583946,C
TABCIPROFLOXACIN,0.5889436631192164,1.1391839678461593,D
TABLETSBISOPROLOL,0.9183710066494184,1.1363472068150304,D
TABSAMOXYCILLIN,0.6333086779327155,0.9255959759666633,D
TABSEMPAGLIFLOZIN,1.0398016244855623,0.745980877485672,C
TABSILDENAFIL,0.9844353660290721,1.4274667843465167,D
TABSSILDENAFIL,0.7964385822951691,0.6914356994218767,C
TABSTENOFOVIR,0.5658050184537686,0.8887000646896005,D
TABTADALAFIL,0.9964685737430252,1.8957657885138712,D
TABVARDENAFIL,0.8466263465262405,1.1861071135634382,D
TADAFIL,2.9651120342329245,2.8056116390805594,C
TADALAFIL,102.25606131348388,109.5842645613211,D
TADARISE,60.28928795524931,57.548051687526254,C
TAROSONE,0.9463368970824626,1.420351654260492,D
TASONE,0.28929031042573206,0.19660260999022428,C
TASTYLIA,34.3144503409097,31.028074944361556,C
TELMESARTAN,0.6358841200344403,1.147923469025479,D
TELMISARTAN,2.33613883457474,2.423592573334588,D
TELSARTAN,8.461571324144646,17.09465213583796,D
TEMAZEPAM,5.035437463407759,4.575791002661043,C
TEMISARTAN,3.541347917287282,3.1960376042071075,C
TENELIGLIPTIN,2.4840702152942065,4.70598242053336,D
TENOFOVIR,28.105532761151608,29.645834003404786,D
TENVIR,11.509441712394507,13.417157921084893,D
TESTOSTERONE,2.763369392990114,10.54808691668785,D
TETRACAINE,0.5188554406884305,1.2063690065747918,D
TETRACYCLINE,3.403668873287799,4.235668160913335,D
THEMICAINE,0.9714092219057298,1.543625778066872,D
THEOPHYLLINE,3.628027007437961,5.151148506831305,D
TIBOLONE,0.0010434452632450686,0.5967757117127876,D
TIGECYCLINE,4.34023809720404,2.7846482996851627,C
TIMOLOL,24.69658492667176,19.502566923531276,C
TINDAZOLE,0.3273810344913338,0.5638324376270443,D
TINIDAZOLE,2.3800138802345785,3.1640369661324925,D
TINOVIR,2.256375627189467,1.8238272361997057,C
TIOTROPIN,16.122396167489413,12.975448820372572,C
TOBRAMYCIN,22.301164915154843,21.950464565796793,C
TOCILIZUMAB,5.36772151846608,4.959561347055746,C
TOFACITINIB,16.205218561321576,13.927084365830495,C
TOLPERISONE,6.875038695113144,6.091908900437176,C
TOLTERODINE,12.640331694568616,12.835901302045784,D
TOPICAINE,1.0610238071803693,1.3069114696725859,D
TRAMADOL,34.346127059911026,32.709602104358396,C
TRAMETINIB,1.468953090167688,0.8836077162464764,C
TRANDOLAPRIL,2.6091939111403617,3.3917520041992963,D
TRASTMAB,0.6167320797871017,0.9309652157326083,D
TRASTUZUMAB,34.93687849352516,35.61595408595957,D
TRENBOLONE,14.102542918739218,14.06166530747872,C
TRIAMCINOLONE,9.608443065585703,13.841241377819301,D
TRICAINE,1.0643292327660614,1.0674109055001315,D
TRICLABENDAZOLE,0.15779041542454308,0.03027687793034728,C
TRIMCINOLONE,0.2568234994041452,0.19718469752624568,C
TRIMOXAZOLE,25.60150143518763,25.196594550033353,C
TRINBELIMAB,0.8518836249070976,1.3892972504192098,D
TRINMELIMAB,1.4488155635172264,0.9924620959162425,C
TROPIN,0.9814545674241688,2.2354214007204645,D
UDENAFIL,1.6536449343766702,1.7621293759985779,D
ULINASTATIN,0.4548997749896113,1.287500035760825,D
ULTRAZOLE,1.6501933774458983,1.2700525410165662,C
UPADACITINIB,5.897337792224489,5.788428592478992,C
UROFOLLITROPIN,6.466770159036072,5.88273505520721,C
USTEKINUMAB,4.299908429004946,2.700004715015064,C
VACLOVIR,1.0338941172326512,1.7392895939900639,D
VAGIMYCIN,0.8932291313518961,1.1936327789877184,D
VALACICLOVIR,9.634431257115665,5.533980376532742,C
VALACVIR,0.327635331601531,0.15735225785432894,C
VALACYCLOVIR,12.279773322335746,12.290890298926236,D
VALASARTAN,0.30506900428768535,0.6465015853905502,D
VALCIVIR,18.522074394629655,17.90459693468351,C
VALCLOVIR,6.00212960274839,7.287705886030711,D
VALCYCLOVIR,0.3524351075908722,0.4875624038973251,D
VALGANCICLOVIR,1.4513456725202332,0.17780121118585512,C
VALPARIN,11.14090902727872,10.456527140351117,C
VALPROATE,13.600774951390619,10.607796928389774,C
VALSARTAN,6.356687476212841,2.616624225854139,C
VANCOMYCIN,0.31121491194500095,4.785394907323322,D
VARDENAFIL,97.20153096157594,94.46551198849528,C
VEDAFIL,2.3395784252080345,1.7369510153716532,C
VEDOLIZUMAB,6.508595609428477,5.354545209283726,C
VELPATASVIR,4.110989923601786,4.972648011454635,D
VENLAFAXINE,42.6170036585757,39.54367829326358,C
VERDENAFIL,1.9276092466082204,5.931851235476763,D
VERDINAFIL,1.8140743003499225,4.165856977846918,D
VESIMYCIN,3.5730038200393786,3.270201206726564,C
VIDAGLIPTIN,1.7648583412096697,0.8486086394340653,C
VIDALISTA,3.231150815118781,4.648350460148663,D
VILDAGLIPTIN,17.508320142127772,17.022150300153804,C
VIROVIR,0.06638401946851857,1.1881364596298303,D
VONAVIR,0.4327588445801762,1.0344871302258607,D
VORICONAZOLE,0.22154355505139733,1.5692817466547524,D
WARFARIN,16.33692553109531,15.350233684502562,C
WITHCYPROHEPTADINE,1.228610148498794,1.470434599534676,D
WORMAZOLE,0.5292020667984589,1.0969988242455657,D
WYSOLONE,7.693520298416139,6.838125448784098,C
XYLOCAINE,9.17239691316813,7.5858067248072185,C
YASHICLOVIR,0.06805115780107497,0.0,C
YASHIDAZOLE,0.7728483416770318,2.2243027936124924,D
ZIDOLAM,3.0743677058869876,2.6852580675799214,C
ZIMYCIN,0.08433833993179607,0.10992822103842845,D
ZIOMYCIN,0.12800072720274525,0.5350236709947698,D
ZOFENOPRIL,0.8710844091188017,0.5876553285426778,C
ZOLPIDEM,9.475620008764839,7.892194442387847,C
ZOVICLOVIR,4.451932299151707,2.7539391749022766,C
ZUTINIB,0.29069057956479305,0.41978943145519565,D
