drug_substance,country_normalized,transaction_count,supplier_count,size_estimate_inr
RITONAVIR,BELGIUM,96,1,7877687870.77
FLUTICASONE,NETHERLANDS,582,3,7760240340.94
VALACYCLOVIR,UNITED STATES,98,4,3062134640.2799997
SALBUTAMOL,BRAZIL,1239,2,2482044748.7
ATORVASTATIN,JAPAN,216,2,2437857698.94
ESOMEPRAZOLE,BRAZIL,274,3,2311431758.678444
AMOXICILLIN,BRAZIL,320,3,2122635770.24
FLUTICASONE,AUSTRALIA,154,4,2075049677.0
METOPROLOL,BRAZIL,586,2,2061023639.346
TRASTUZUMAB,NETHERLANDS,210,1,2058475024.78
TESTOSTERONE,CANADA,77,1,2002433931.4
MEROPENEM,UNITED STATES,155,4,1978779582.01
CIPROFLOXACIN,RUSSIA,157,4,1798008573.08
AMOXICILLIN,MALTA,808,3,1607082249.4696665
SERTRALINE,BELGIUM,265,3,1585077984.4505866
IBUPROFEN,HUNGARY,173,2,1547614646.27
PIPERACILLIN,UNITED STATES,126,3,1545754182.6
AZILSARTAN,GERMANY,9,1,1542009297.24
DEXLANSOPRAZOLE,UNITED STATES,78,2,1498199281.62
DULOXETINE,CANADA,328,4,1495584159.2431028
TRAMADOL,GERMANY,55,4,1493159308.0
ROSUVASTATIN,AUSTRALIA,216,3,1475601886.2
PANTOPRAZOLE,MALTA,966,2,1448299424.9444335
VALACICLOVIR,AUSTRALIA,154,3,1402068554.79
NAPROXEN,SLOVENIA,191,1,1395846726.53
OLANZAPINE,CHINA,107,1,1350012141.65
TENOFOVIR,BOTSWANA,50,3,1173675323.560894
AMOXICILLIN,SLOVENIA,539,2,1169941201.68
ALENDRONATE,UNITED STATES,399,2,1145509069.1
LEVOTHYROXINE,UNITED STATES,447,4,1089105544.2
CANDESARTAN,UNITED STATES,217,3,1068003023.24
AMLODIPINE,JAPAN,118,2,1046675697.4246044
DOLUTEGRAVIR,ETHIOPIA,84,4,1024541376.05
TIMOLOL,RUSSIA,112,3,999731502.8
ATORVASTATIN,AUSTRALIA,384,3,987716912.94
IRBESARTAN,UNITED STATES,236,4,972867232.67
AMLODIPINE,BRAZIL,145,2,944901576.11
AMPICILLIN,UNITED STATES,143,4,933850419.18
DAPTOMYCIN,DENMARK,39,1,911877902.13
DOLUTEGRAVIR,MYANMAR,49,2,911411890.28
IRBESARTAN,FRANCE,214,3,901481919.23
INSULIN,MEXICO,20,2,901172903.51
ESOMEPRAZOLE,AUSTRALIA,217,2,892183038.22
SERTRALINE,RUSSIA,76,2,888299125.96
FLUTICASONE,CANADA,142,2,885451018.52
FLUTICASONE,TURKEY,109,4,885376365.22
BUDESONIDE,ALGERIA,85,1,884172272.64
IBUPROFEN,SPAIN,246,4,881404605.0995147
FLUTICASONE,SOUTH AFRICA,186,2,879006590.4
SERTRALINE,MALTA,375,2,842975524.1558456
DOLUTEGRAVIR,GHANA,26,4,840577715.5
PARACETAMOL,SWEDEN,74,1,832911008.72
MEROPENEM,GERMANY,131,1,808706129.98
AMOXICILLIN,CANADA,347,4,806946912.4299482
ALPRAZOLAM,UNITED STATES,330,3,802131009.74
VENLAFAXINE,CANADA,187,3,796478335.63
ATAZANAVIR,KENYA,17,2,793392962.98
CLOPIDOGREL,SLOVENIA,62,2,792130796.08
DOLUTEGRAVIR,CAMEROON,14,4,784788878.7608129
DOLUTEGRAVIR,KAZAKHSTAN,24,2,743159867.3
TELMISARTAN,MEXICO,282,2,741367458.88
RAMIPRIL,UNITED STATES,363,4,739359942.23
MEROPENEM,BELGIUM,93,1,738358188.89
HEPARIN,CHILE,52,3,727572855.15
FOSFOMYCIN,UNITED STATES,102,3,724176615.75
PIPERACILLIN,BRAZIL,115,3,700752634.91
FLUTICASONE,CHILE,181,4,679092259.36
MIRTAZAPINE,BRAZIL,157,3,676944699.76
CAFFEINE,RUSSIA,577,2,658527546.4427197
FORMOTEROL,UNITED STATES,68,2,655750497.62
MEROPENEM,SAUDI ARABIA,122,2,653270804.5968446
OSELTAMIVIR,CANADA,44,3,653108218.43
KETOCONAZOLE,UNITED STATES,92,4,651578259.32
HEPARIN,RUSSIA,26,4,646296408.27
NICARDIPINE,UNITED STATES,31,4,637534932.4715
DEXAMETHASONE,RUSSIA,72,4,636751017.15
INSULIN,THAILAND,130,2,625235716.24
VENLAFAXINE,AUSTRALIA,77,1,624728879.89
CLOPIDOGREL,MALTA,254,2,623507821.0807387
FELIMAZOLE,UNITED STATES,65,1,622756511.85
VANCOMYCIN,GERMANY,113,4,620520645.15
FEXOFENADINE,IRELAND,187,2,611199011.47
PANTOPRAZOLE,HUNGARY,72,1,604154140.41
VENLAFAXINE,GERMANY,195,3,601887565.97
CLONAZEPAM,UNITED STATES,204,2,590876181.33
NAPROXEN,CANADA,99,3,577964499.4
CLARITHROMYCIN,BELGIUM,178,3,574147697.09
NAPROXEN,SPAIN,191,3,572166494.946617
ARIPIPRAZOLE,CANADA,208,3,566453945.16
DULOXETINE,AUSTRALIA,203,2,564784744.1
POSACONAZOLE,CYPRUS,21,1,562170740.6899999
VENLAFAXINE,SOUTH AFRICA,129,4,561160785.35
SIMVASTATIN,BELGIUM,236,2,553574102.5791233
HEPARIN,PERU,43,2,548092887.8
GABAPENTIN,SLOVENIA,90,2,544223913.83
ESOMEPRAZOLE,CANADA,83,2,538702414.91
VALPROATE,AUSTRALIA,133,2,529509458.93
LOPINAVIR,THAILAND,9,1,526208221.44
OLMESARTAN,AUSTRALIA,142,4,515629157.56
METFORMIN,JAPAN,67,1,515530836.04
VALSARTAN,SLOVENIA,56,1,511848764.75
VALSARTAN,HUNGARY,102,2,510570726.69
OXACILLIN,UNITED STATES,44,3,503312127.78999996
SERTRALINE,CANADA,210,3,496882120.14
CLOPIDOGREL,CHINA,74,2,484221714.56
SITAGLIPTIN,CANADA,98,4,483474807.79
CLARITHROMYCIN,UNITED STATES,36,2,465715890.47
CILASTATIN,MEXICO,11,1,463686657.5
CANDESARTAN,FINLAND,129,1,461657650.64
ABACAVIR,MOZAMBIQUE,43,3,461569584.0
LERCANIDIPINE,UNITED KINGDOM,147,3,459264139.94
AMANTADINE,UNITED STATES,136,4,458547047.99
IRBESARTAN,AUSTRALIA,161,3,457492013.93
VORICONAZOLE,CHINA,97,2,454553741.48754334
TELMISARTAN,HUNGARY,115,4,448300533.88
CANDESARTAN,GERMANY,198,2,445533977.02
ALBENDAZOLE,RUSSIA,13,2,438469983.78000003
ATAZANAVIR,SOUTH AFRICA,33,3,436641856.96
PHENOXYMETHYLPENICILLIN,UNITED KINGDOM,91,3,433978809.552873
DICLOFENAC,MALTA,21,1,430776964.05
PRAVASTATIN,UNITED STATES,105,3,427144768.49
ESCITALOPRAM,MOROCCO,73,3,426361237.9
AMOXICILLIN,ISRAEL,56,4,425526998.85
VALGANCICLOVIR,UNITED STATES,25,4,418053257.22
TOBRAMYCIN,RUSSIA,56,4,415642995.92
OLANZAPINE,MOROCCO,49,2,413322932.2
NAPROXEN,MALTA,343,2,412428672.263783
ATORVASTATIN,JORDAN,28,1,410428451.34
DOLUTEGRAVIR,PHILIPPINES,35,1,409712240.6
PERINDOPRIL,CANADA,205,4,409417835.63827896
OLMESARTAN,BRAZIL,85,1,404045023.12
DOLUTEGRAVIR,HAITI,26,3,403095220.47000813
AMLODIPINE,MALTA,248,4,399168386.53134066
FLUTICASONE,BRAZIL,39,3,398436577.9589764
TENOFOVIR,SWAZILAND,19,2,397869000.263857
HEPARIN,COLOMBIA,30,2,397330227.55
LANSOPRAZOLE,ZAMBIA,8,3,394159000.0
CLOPIDOGREL,BELGIUM,67,4,389827075.32
PITAVASTATIN,UNITED STATES,55,3,388119078.21999997
LOVASTATIN,UNITED STATES,208,1,387871873.28
DULOXETINE,SPAIN,50,4,386557311.48978716
POSACONAZOLE,CZECH REPUBLIC,19,1,385677361.14
PANTOPRAZOLE,AUSTRALIA,98,3,384377232.1
DOLUTEGRAVIR,DJIBOUTI,7,3,380834648.62
BECLOMETASONE,BRAZIL,144,1,378448117.56
LUSTATIN,PHILIPPINES,45,1,375214701.08
IBUPROFEN,POLAND,78,4,371074856.2
SERTRALINE,AUSTRALIA,65,4,370596396.84
LEVETIRACETAM,POLAND,215,3,368435068.45
ROSUVASTATIN,COLOMBIA,97,3,366794863.01
CLOPIDOGREL,BRAZIL,102,4,362621918.1231609
CLOPIDOGREL,ITALY,75,3,362518016.81
LERCANIDIPINE,FINLAND,89,1,362408991.41
FLUTICASONE,GERMANY,69,3,359206805.13
PRAVASTATIN,JAPAN,38,1,359049678.1
ATAZANAVIR,NIGERIA,10,2,358945550.93
PIPERACILLIN,MALAYSIA,37,3,357646266.04
PENICILLIN,UNITED STATES,112,4,355823319.55998766
TENELIGLIPTIN,IRAQ,61,2,355789458.46999997
QUETIAPINE,CANADA,201,4,354662042.26
TRASTUZUMAB,UKRAINE,10,1,351423897.08
LEVOTHYROXINE,UNITED KINGDOM,113,4,350285737.2200965
FELODIPINE,UNITED STATES,141,3,350225234.13
LEVETIRACETAM,FRANCE,94,4,349398765.42
ESCITALOPRAM,AUSTRALIA,85,2,349014280.89
QUETIAPINE,MEXICO,52,3,348848143.66
DOLUTEGRAVIR,DR CONGO,14,3,348505625.0008128
AZACITADINE,GERMANY,35,1,347586750.0
ESCITALOPRAM,BRAZIL,76,3,345017405.40276235
MOMETASONE,BRAZIL,69,1,344857188.28
FEXOFENADINE,BRAZIL,83,3,344292352.14
LEVOTHYROXINE,AUSTRALIA,88,3,341554640.13
LINEZOLID,NETHERLANDS,55,3,340003192.69
CARBAMAZEPINE,JAPAN,47,1,339054304.11
CANDESARTAN,CANADA,180,4,338038469.92
TOFACITINIB,CANADA,9,2,336404302.86
MEROPENEM,PERU,33,4,335193681.44
ESOMEPRAZOLE,MEXICO,24,3,332667049.44
SERTRALINE,JAPAN,37,1,331733695.94
ATAZANAVIR,ZIMBABWE,5,2,330841028.15
TADALAFIL,AUSTRALIA,123,4,330407513.29
FLUCLOXACILLIN,SOUTH AFRICA,48,3,330073381.34
CIDOFOVIR,UNITED KINGDOM,18,1,327064942.79
AMOXICILLIN,ALGERIA,22,1,324248556.11
AMOXYCILLIN,JORDAN,31,4,321910211.68
NIZATIDINE,AUSTRALIA,53,2,320480569.44
ESTRADIOL,RUSSIA,31,1,320216648.59
SERTRALINE,CHILE,86,4,318917916.73
VENLAFAXINE,UNITED KINGDOM,98,3,318782833.53
MIRTAZAPINE,MALTA,372,1,316436220.35573
TRAMADOL,BELGIUM,77,1,316312535.1210255
ALBENDAZOLE,DENMARK,29,2,315810126.9
PIPERACILLIN,HONG KONG,28,2,314876146.1
VALACYCLOVIR,CANADA,40,3,313284901.52
RUPATADINE,FRANCE,182,2,310686568.3
DESLORATADINE,SLOVENIA,46,2,309184057.18
PROPRANOLOL,UNITED STATES,126,3,308939000.0
VARDENAFIL,UNITED STATES,29,3,306118834.15
TELMISARTAN,AUSTRALIA,89,4,303883681.48
FLUCLOXACILLIN,AUSTRALIA,37,2,301817635.85
ESCITALOPRAM,MALTA,312,3,301449649.2844746
INSULIN,PAKISTAN,29,1,300822495.2
AMOXICILLIN,KUWAIT,50,1,300276575.85
FEXOFENADINE,RUSSIA,20,2,295918008.95827895
CANDESARTAN,AUSTRALIA,138,2,294631877.8
MIRTAZAPINE,AUSTRALIA,96,1,294460104.69
ATORVASTATIN,MEXICO,52,4,294240036.03
FUROSEMIDE,FRANCE,88,4,293087774.89
RAMIPRIL,ITALY,103,3,291898752.42
TRAMADOL,MALTA,128,2,291278518.6345898
GLIMEPIRIDE,UNITED STATES,101,3,288807983.16
VALACICLOVIR,SLOVENIA,17,1,287587247.26
BEVACIZUMAB,RUSSIA,13,3,287429813.04
DONEPEZIL,BELGIUM,102,4,286981769.09
PROCAINE,NIGERIA,20,1,285765408.62
DICLOXACILLIN,FINLAND,38,1,285267524.93
PARACETAMOL,IRELAND,43,4,284732696.49
MENOTROPIN,RUSSIA,18,1,284488859.6
DOLUTEGRAVIR,VENEZUELA,12,3,284274115.4
MIRTAZAPINE,CANADA,89,2,282859236.68
GRANISETRON,UNITED STATES,40,4,282704550.19
LEVETIRACETAM,FINLAND,48,1,282371787.84999996
SALBUTAMOL,NEW ZEALAND,115,2,281235371.89844275
OFLOXACIN,RUSSIA,42,2,278308411.95
VALPROATE,FRANCE,53,2,277601097.02
DICLOFENAC,RUSSIA,76,3,274946159.80945927
LOPINAVIR,SOUTH AFRICA,42,3,274754910.95
CANDESARTAN,BELGIUM,86,2,273891723.31
LANSOPRAZOLE,SOUTH AFRICA,78,3,271998820.23
SITAGLIPTIN,UNITED KINGDOM,53,4,271588644.39
AMOXICILLIN,DENMARK,67,3,270121538.4
FLUTICASONE,POLAND,29,1,269430955.29
DICLOFENAC,CANADA,49,4,269169669.3993432
DOXYCYCLINE,AUSTRALIA,88,4,268151224.17
VALACICLOVIR,UNITED STATES,16,1,267914252.75
SUNITINIB,CANADA,21,2,266720277.6
FORMOTEROL,SRI LANKA,78,2,266441393.87
FLUTICASONE,MOROCCO,59,2,264678140.278
VALACICLOVIR,CANADA,9,2,264309984.59
IBUPROFEN,MEXICO,20,3,261894944.39997178
IBUPROFEN,DENMARK,61,3,260900658.04
ABACAVIR,TANZANIA,8,2,259726000.0
MIRTAZAPINE,FINLAND,87,1,258608586.38
RITUXIMAB,RUSSIA,6,1,258386120.43
ATORVASTATIN,GERMANY,139,2,258298861.88
DARUNAVIR,UNITED KINGDOM,31,2,258157623.07999998
SIMVASTATIN,HUNGARY,39,2,257150816.61
SULFAMETHOXAZOLE,ZIMBABWE,22,1,255980000.0
VALSARTAN,UNITED KINGDOM,27,2,255869376.03
MELATONIN,AUSTRALIA,100,2,254829662.58
BUDESONIDE,PHILIPPINES,81,4,254260463.01
LANSOPRAZOLE,NETHERLANDS,88,1,253472373.99
TADALAFIL,NETHERLANDS,325,4,253396904.89
HEPARIN,MEXICO,14,2,252658993.49266413
DOLUTEGRAVIR,BURUNDI,40,4,251729000.0
MEROPENEM,AUSTRALIA,15,3,248520463.66
VALACICLOVIR,FRANCE,43,2,247961961.62
ABACAVIR,ETHIOPIA,19,3,247738000.0
PERINDOPRIL,AUSTRALIA,110,1,246565097.18
AMOXICILLIN,HONG KONG,82,3,246561773.28
GENTAMYCIN,DOMINICAN REPUBLIC,47,4,246512605.83
TENOFOVIR,LIBYA,10,4,245705498.55
HEPARIN,BRAZIL,17,2,245475000.0
DESLORATADINE,UNITED STATES,44,3,243246715.62
VANCOMYCIN,AUSTRALIA,51,2,242913412.3
OLOPATADINE,RUSSIA,24,2,241750373.8689865
SAXAGLIPTIN,UNITED STATES,31,1,241299036.98
MIRTAZAPINE,CHINA,50,2,240662573.39
IBUPROFEN,MALTA,457,1,239049604.26874277
LANSOPRAZOLE,CANADA,32,2,236772757.29
OMEPRAZOLE,ALGERIA,139,1,236226447.5
VALGANCICLOVIR,BRAZIL,5,2,236134522.37
DOLUTEGRAVIR,SWAZILAND,5,3,235864082.11042023
NIFEDIPINE,UNITED STATES,71,1,235728919.12
TENOFOVIR,COLOMBIA,29,3,235566835.17
TENOFOVIR,GERMANY,36,4,234703342.21
ENTECAVIR,AUSTRALIA,43,4,234260676.75
ACETAMINOPHEN,PERU,46,3,231845956.03
AMPICILLIN,MALAYSIA,34,4,231036783.95095128
INSULIN,DOMINICAN REPUBLIC,42,2,230920444.475
VENLAFAXINE,MALTA,329,1,230764639.02754343
DOLUTEGRAVIR,THAILAND,24,4,229924963.1
TENOFOVIR,NAMIBIA,34,4,228742662.041
MEDICINESSIMVASTATIN,SOUTH AFRICA,44,1,228503776.15
LOSARTAN,JORDAN,19,1,226209328.54999998
ATROVASTATIN,AUSTRALIA,17,1,226177369.34
QUINAPRIL,NEW ZEALAND,24,1,225774760.23
BEVACIZUMAB,COLOMBIA,24,1,224049135.14000002
TENELIGLIPTIN,PHILIPPINES,17,2,223983426.16
RAMIPRIL,TURKEY,26,1,223138049.98
OMEPRAZOLE,CYPRUS,105,2,222790369.09
ENTECAVIR,BELGIUM,77,2,221467310.44
AKSONE,DJIBOUTI,13,1,220710010.0
CANDESARTAN,UNITED KINGDOM,113,2,220677411.74
MEROPENEM,SOUTH AFRICA,23,4,220171442.62
VENLAFAXINE,FRANCE,70,3,220137143.89000002
TRAMADOL,CANADA,26,4,219576774.93827897
RITONAVIR,COLOMBIA,12,1,219192216.26
PREGABALIN,UKRAINE,97,1,218325660.72
CAVERTA,ECUADOR,20,1,218097499.69
VALSARTAN,GERMANY,70,4,217698405.25
BISOPROLOL,BRAZIL,79,1,217417092.24
ZOFENOPRIL,HUNGARY,25,1,216006295.05
RITUXIMAB,VENEZUELA,17,4,215909169.71
PENICILLIN,UNITED KINGDOM,57,2,215255885.53
TELMISARTAN,COLOMBIA,160,2,214942394.42
PANTOPRAZOLE,MEXICO,37,3,214031784.03
ABACAVIR,THAILAND,15,1,213042472.9
TENOFOVIR,NETHERLANDS,63,3,212969903.16
VACLOVIR,NEW ZEALAND,18,1,212665727.26
FLUTICASONE,THAILAND,30,2,211643499.6
OLMESARTAN,BULGARIA,63,2,211109733.7
TRAMADOL,LIBYA,10,1,209994672.34
ACICLOVIR,MALTA,206,2,209820048.40394542
VENLAFAXINE,MEXICO,49,3,208709631.55
HEPARIN,GUATEMALA,34,3,208654316.4005
FLUTICASONE,MEXICO,15,2,208260260.23
SIMVASTATIN,MALTA,286,4,207833818.55508426
VALPROATE,RUSSIA,38,1,207776572.15
TENOFOVIR,ECUADOR,11,4,207456589.0800905
TRIMOXAZOLE,ETHIOPIA,97,4,206333457.66
DOLUTEGRAVIR,TOGO,14,3,205945356.64
ALBENDAZOLE,BELARUS,219,1,205091767.16
RITONAVIR,UNITED STATES,28,3,203950002.1234216
AMOXICILLIN,MEXICO,32,2,203666871.71
BUDESONIDE,SRI LANKA,65,3,203130338.91
CEFIXIME,CANADA,22,1,202928595.2
PREGABALIN,COLOMBIA,132,2,202497741.67
SECNIDAZOLE,FRANCE,35,4,202199912.57
SITAGLIPTIN,MALTA,133,1,200679544.6
NEBIVOLOL,BRAZIL,48,1,200640761.1
GABAPENTIN,SOUTH AFRICA,31,4,198548523.62
CANMAB,SRI LANKA,14,4,198098349.01
METFORMIN,SLOVAKIA,68,1,197735000.0
ZOLPIDEM,ITALY,24,3,197626132.13
MIRTAZAPINE,UNITED STATES,73,1,197423536.2
LOSARTAN,FINLAND,61,1,197139136.76
ESOMEPRAZOLE,SAUDI ARABIA,52,2,197072954.03
CLOZAPINE,UNITED STATES,75,3,196751358.58
DASATINIB,CANADA,16,3,195181000.0
DARUNAVIR,KENYA,11,2,194324401.55
ITRACONAZOLE,BRAZIL,21,2,194308115.0
RAMIPRIL,CANADA,270,3,194040408.49
PENICILLIN,NETHERLANDS,126,4,193853028.50983253
INFLIXIMAB,HONG KONG,8,1,193845190.80673355
GENTAMYCIN,NICARAGUA,32,1,193749881.18
AMPICILLIN,BRAZIL,52,3,193460808.28
NIMESULIDE,SERBIA,71,1,190645223.8
SERTRALINE,FINLAND,60,2,190463468.56
AMOXICILLIN,KAZAKHSTAN,52,4,190098535.02
METHIMAZOLE,CANADA,17,3,190017573.01
QUETIAPINE,CHILE,53,2,189038177.28112856
QUETIAPINE,MALTA,382,3,188957279.49331713
GOODSENALAPRIL,SOUTH AFRICA,35,1,188567006.5
VALACICLOVIR,MALTA,123,1,188205396.7
NIFEDIPINE,ZIMBABWE,41,4,187699485.42
DERMAZOLE,UKRAINE,145,1,187592942.89000002
CANDESARTAN,MALTA,93,1,187244071.94
BECLOMETHASONE,UNITED KINGDOM,33,1,187236134.97
CLOPIDOGREL,AUSTRALIA,36,2,186518478.44
KAMAGRA,GREECE,257,4,185912187.59098405
TIMOLOL,UNITED KINGDOM,68,2,184981878.32024568
FLUCLOXACILLIN,NETHERLANDS,26,1,184508451.3
SERTRALINE,MEXICO,24,4,183778206.68
OSETRON,UZBEKISTAN,28,1,183572000.0
CARBAMAZEPINE,ECUADOR,24,1,183405997.54
WARFARIN,UNITED STATES,169,2,183220444.61
ESOMEPRAZOLE,MOROCCO,45,2,182116411.55
PROGESTERONE,RUSSIA,24,1,182043773.43
PARACETAMOL,FINLAND,17,1,181800000.0
SERTRALINE,SOUTH AFRICA,39,4,181624658.44
FAMCICLOVIR,UNITED STATES,42,1,180878567.87
INSULIN,BRAZIL,11,1,180397093.13
NIFEDIPINE,CANADA,41,2,179178194.3113116
MEROPENEM,MALTA,18,1,178344933.59
TENOFOVIR,DJIBOUTI,11,4,177914364.7600244
DARUNAVIR,MEXICO,13,1,177605205.1
REMDESIVIR,THAILAND,38,3,175506956.99
FAMCICLOVIR,AUSTRALIA,44,3,175168736.93
CLOZAPINE,PHILIPPINES,47,3,175093834.39
RABEPRAZOLE,RUSSIA,44,4,172867808.99999967
GEFITINIB,IRAQ,8,2,172862577.45
FLUTICASONE,SOUTH KOREA,23,2,171853717.28
CIPROFLOXACIN,KAZAKHSTAN,30,3,171764481.46
LERCANIDIPINE,FRANCE,62,2,171733819.5
GABAPENTIN,MALTA,346,2,170774325.65309346
CEFTRIAXONE,BRAZIL,39,1,169282176.71
LAPATINIB,UNITED STATES,9,3,168686499.14
LEVETIRACETAM,NEW ZEALAND,40,1,168163376.48
FORMOTEROL,DOMINICAN REPUBLIC,23,3,166481805.45
METFORMIN,GEORGIA,82,4,166302003.923
RALTEGRAVIR,GUATEMALA,18,1,165954291.85
CANDESARTAN,NETHERLANDS,105,1,164146000.16
DULOXETINE,MALTA,246,2,163958484.47746897
DULOXETINE,HUNGARY,23,2,163686244.37
TIGECYCLINE,SPAIN,19,2,163207493.68
LERCANIDIPINE,MALTA,185,1,162979309.89263853
METFORMIN,CROATIA,84,2,162054140.3241154
DOLUTEGRAVIR,ARGENTINA,7,1,160908660.0
DONEPEZIL,POLAND,67,3,160384375.88
INSULIN,NEPAL,71,2,160296550.97
MEROPENEM,BRAZIL,14,1,160243501.01999998
TENOFOVIR,PHILIPPINES,19,3,160215202.93
NIFEDIPINE,PORTUGAL,50,4,160035468.24695617
LEVOFLOXACIN,UKRAINE,34,4,160007502.58
DOLUTEGRAVIR,SOUTH SUDAN,20,2,159293069.47
IMATINIB,PAKISTAN,27,2,159102948.45
DARUNAVIR,NETHERLANDS,43,2,158413160.25
MENTHOL,HONG KONG,7,3,158340657.0
VALPARIN,SRI LANKA,64,1,158120908.13
ATAZANAVIR,UGANDA,8,2,157607680.63
DAPTOMYCIN,UNITED KINGDOM,22,3,157342334.0
RAMIPRIL,AUSTRALIA,106,3,156860844.09
ESOMEPRAZOLE,NETHERLANDS,44,2,155150030.93
LERCANIDIPINE,NETHERLANDS,53,2,154921971.83
IBUPROFEN,SWEDEN,40,1,154879710.43
TENOFOVIR,GABON,20,4,154850169.17001626
ARIPIPRAZOLE,SLOVENIA,71,1,154639134.52
BUPIVACAINE,CANADA,38,1,154405979.9
PDSOLONE,VIETNAM,26,2,154169771.2
FLUVASTATIN,SLOVENIA,17,1,153616427.84
DICLOFENAC,UKRAINE,143,4,153552191.55
IRBESARTAN,GUATEMALA,46,4,153399951.675144
METFORMIN,POLAND,55,3,153382897.4099869
HEPARIN,MOROCCO,10,2,152979743.51000002
METFORMIN,NEW ZEALAND,22,1,152679765.34
SERTRALINE,SWEDEN,45,1,152338638.21
FEXOFENADINE,BELGIUM,390,4,152186107.1065947
MONTELUKAST,JAMAICA,74,3,150908784.9675058
MIRTAZAPINE,MEXICO,49,2,150029953.15
ESCITALOPRAM,FINLAND,59,1,149941722.13
TIMOLOL,MEXICO,11,1,149457827.31
TRAMADOL,MEXICO,23,3,149352125.65
TENVIR,MYANMAR,26,2,148574397.0
PHENOXYMETHYLPENICILLIN,AUSTRALIA,51,2,148180154.87
DULOXETINE,MEXICO,22,3,147889314.88998806
VALACICLOVIR,SWEDEN,28,1,147625078.54
IBUPROFEN,CZECH REPUBLIC,15,2,147446255.23
ARIPIPRAZOLE,BRAZIL,81,4,146567454.65
LERCANIDIPINE,GERMANY,50,1,146378761.28
NAPROXEN,NETHERLANDS,37,4,146322216.84
RANITIDINE,CANADA,46,2,145906956.75959057
NORFLOXACIN,RUSSIA,17,2,145713544.45
FAMOTIDINE,JAPAN,21,2,145710921.25
PARACETAMOL,CANADA,34,3,145271289.6897948
CANDESARTAN,GUATEMALA,45,2,145231929.78
AMOXICILLIN,NEW ZEALAND,26,2,145031310.57
LISINOPRIL,SOUTH AFRICA,97,4,144494243.12
SALBUTAMOL,JORDAN,47,2,144337951.04
FLUTICASONE,MALAYSIA,47,4,143828810.11
MOXIFLOXACIN,NETHERLANDS,39,3,142681556.10999998
FLUCLOXACILLIN,FINLAND,37,1,142646727.17
CEFTRIAXONE,CHINA,87,3,142346073.45
SOFOSBUVIR,ETHIOPIA,23,4,142158352.3
ATORVASTATIN,FINLAND,73,1,142086580.21
TIMOLOL,IRAQ,20,2,141870739.3
FORMOTEROL,ALGERIA,12,1,141283371.23
ABACAVIR,COLOMBIA,11,2,140799868.99
ALENDRONATE,CANADA,66,3,140494287.26
KAMAGRA,IRAQ,13,1,140326763.67
INSULIN,PHILIPPINES,48,2,140326611.8493122
SITAGLIPTIN,GERMANY,58,1,140274567.46
FLUTICASONE,HONG KONG,34,4,139716984.49
OLANZAPINE,BELGIUM,216,4,139361980.12766555
MEFENAMIC,JORDAN,48,2,139298490.83
CIDOFOVIR,MALTA,5,1,138443903.41
GABAPENTIN,GERMANY,40,2,138285244.72
RABEPRAZOLE,AUSTRALIA,50,2,138208909.28
ERYTHROMYCIN,DENMARK,17,3,138168313.99
LIDOCAINE,BELGIUM,81,3,137767561.51611248
VANCOMYCIN,DENMARK,13,1,137107611.3
TIGECYCLINE,RUSSIA,9,2,136633059.76
VALPROATE,FINLAND,13,1,136597065.0
IMATINIB,RUSSIA,15,1,136564197.67000002
METFORMIN,GREECE,46,3,135262677.57
TENOFOVIR,ZAMBIA,6,3,134098622.46
CLOZAPINE,MALTA,153,1,134038407.67
NEBIVOLOL,RUSSIA,41,4,133858049.39
VILDAGLIPTIN,FRANCE,60,2,133772792.13
DULOXETINE,COLOMBIA,35,3,133746465.38
DOLUTEGRAVIR,POLAND,20,4,133574867.66
GLUCOSAMINE,RUSSIA,38,2,133072584.87
PROPRANOLOL,AUSTRALIA,32,2,132263839.96
TELMISARTAN,SLOVENIA,59,1,132169189.84
ESCITALOPRAM,GERMANY,61,4,131732482.8
BETADINE,SRI LANKA,199,3,131552835.43
AZACITADINE,UNITED KINGDOM,9,1,131146102.74
ATORVASTATIN,NETHERLANDS,90,4,130960060.5
GENTAMYCIN,GUATEMALA,45,2,130917393.4
GABAPENTIN,FINLAND,29,1,130727095.84
METFORMIN,SWEDEN,92,2,130339361.74
BUDESONIDE,GERMANY,25,1,130213590.0
CARBAMAZEPINE,UNITED KINGDOM,39,4,129425103.83
PARACETAMOL,BULGARIA,27,1,129293037.3
LUSTATIN,DOMINICAN REPUBLIC,69,1,129154761.35
MOMETASONE,MEXICO,18,2,128909350.5799941
DESLORATADINE,MALTA,174,1,128808614.70483871
DOLUTEGRAVIR,URUGUAY,7,2,128781676.22999999
MEDICINESAZITHROMYCIN,SOUTH AFRICA,13,1,128446690.05000001
CARBIMAZOLE,POLAND,29,1,128369036.78999999
SILDENAFIL,SLOVENIA,39,2,128104591.04
CIMETIDINE,UNITED STATES,16,1,127735180.91
POSACONAZOLE,AUSTRALIA,10,1,127585148.83
NEBIVOLOL,BULGARIA,31,2,127497530.42
LANSOPRAZOLE,UGANDA,20,4,127221774.37
SELTAVIR,POLAND,5,1,126799434.75
SIMVASTATIN,FINLAND,49,1,126366104.99
BENZOCAINE,SOUTH AFRICA,184,1,125889276.60316992
RISEDRONATE,UNITED STATES,59,3,125863053.29
ROSUVASTATIN,CHILE,40,4,125606052.04
CILASTATIN,CHILE,10,2,125457000.0
CLARITHROMYCIN,EL SALVADOR,30,3,125355793.98008129
INSULIN,PERU,11,1,125313070.35
PRAVASTATIN,AUSTRALIA,70,2,124988361.43
IRBESARTAN,CANADA,71,4,124808580.65
SILDENAFIL,EL SALVADOR,32,4,124088365.23
IMATINIB,MOROCCO,19,2,123754851.52625713
TENOFOVIR,SENEGAL,18,3,123590410.69002467
BISOPROLOL,CHILE,61,2,123251200.6
OMEPRAZOLE,KAZAKHSTAN,27,4,123123461.34
BETADINE,NEPAL,323,1,122715443.66972128
DOLUTEGRAVIR,PAKISTAN,19,3,122206313.83
VALSARTAN,SOUTH AFRICA,72,3,121929085.17
PERINDOPRIL,UNITED STATES,27,2,121609975.35
VENLAFAXINE,SLOVENIA,50,1,121448233.82
DIAZEPAM,UNITED STATES,34,4,121017073.34921387
POSACONAZOLE,UNITED KINGDOM,7,1,120139464.86
ROSUVASTATIN,POLAND,56,1,119489117.81
CLOTRIMAZOLE,UKRAINE,77,2,119267548.24
ALBENDAZOLE,PHILIPPINES,73,2,119159053.12
MEFENAMIC,UNITED KINGDOM,20,2,118989987.87
CAFFEINE,SOUTH AFRICA,46,2,118877799.48
MONTELUKAST,AUSTRALIA,51,1,118562705.89
TIGECYCLINE,SOUTH AFRICA,12,3,118447492.64
ABACAVIR,BOTSWANA,15,2,118303365.28
PREDNISONE,AUSTRALIA,25,3,117885106.55514263
INSULIN,EL SALVADOR,9,1,117884270.04
ASPIRIN,NEW ZEALAND,79,1,117859933.06
OMEPRAZOLE,ZIMBABWE,59,4,117825655.82000001
DOLUTEGRAVIR,MADAGASCAR,23,3,117345301.86
TENOFOVIR,ALGERIA,9,1,117321765.87
VALACICLOVIR,BRAZIL,17,1,117215475.59
INSULIN,VIETNAM,21,1,117197677.91338174
OLANZAPINE,CZECH REPUBLIC,71,2,117079665.09
SOFOSBUVIR,KYRGYZSTAN,7,3,117019482.15
PIPERACILLIN,CANADA,15,1,116951631.48
DAPTOMYCIN,ITALY,11,1,116824292.96
LORATADINE,AUSTRALIA,136,3,116338957.75
LERCANIDIPINE,CROATIA,17,1,116237985.91
RITONAVIR,NETHERLANDS,45,2,116009472.05
SITAGLIPTIN,NETHERLANDS,43,3,115709420.49000001
FLUTICASONE,LEBANON,68,3,115133354.87
TRIMOXAZOLE,FRANCE,53,1,114900183.49
CIMETIDINE,SOUTH AFRICA,63,1,114864999.19643468
VACLOVIR,AUSTRALIA,17,1,114794656.6
BECLOMETHASONE,MOROCCO,18,1,114018725.95
PIPERACILLIN,MALTA,17,1,113925267.12
APCALIS,IRAQ,45,1,113892755.75837131
ROSUVASTATIN,NEW ZEALAND,31,1,113689792.11
DARUNAVIR,FRANCE,18,2,113683372.15
LOPINAVIR,ETHIOPIA,7,2,113524000.0
GLIMEPIRIDE,JAPAN,24,1,113377261.17999999
NIMESULIDE,UKRAINE,60,1,113254121.52
METHYLPREDNISOLONE,ECUADOR,32,3,113217415.53
ORDNIDAZOLE,RUSSIA,14,1,113082360.51
RITONAVIR,PHILIPPINES,7,1,112900045.41
MEROPENEM,COLOMBIA,9,2,112883397.08
VALSARTAN,MALTA,80,3,112109932.82709678
FUROSEMIDE,GERMANY,42,2,111914519.2299432
ENOXAPARIN,FRANCE,20,1,111911590.32
HEPARIN,JAMAICA,36,4,111552677.7
TENOFOVIR,CZECH REPUBLIC,37,2,111173994.74009259
SALBUTAMOL,COLOMBIA,38,2,111105141.56
AMPICILLIN,RUSSIA,9,1,111080788.88
FAMOTIDINE,COSTA RICA,7,1,110899803.91
VALPROATE,MALTA,170,1,110839212.66
DICLOFENAC,POLAND,56,3,110698807.64
LEVETIRACETAM,BRAZIL,48,3,110591036.32090215
NIMESULIDE,UZBEKISTAN,42,4,110590419.39
MENTHOL,FINLAND,18,2,110393000.0
NEBIVOLOL,MEXICO,50,2,110126017.9
VALPARIN,RUSSIA,73,1,110072204.88
LOSARTAN,NEW ZEALAND,18,1,109838899.49000001
CEFIXIME,MALTA,86,2,109814306.24588089
AZITHROMYCIN,RUSSIA,17,4,109672612.53
BUDESONIDE,MOROCCO,7,1,109471954.25999999
ASPIRIN,ALGERIA,13,1,109436190.1
FELODIPINE,UNITED KINGDOM,37,2,109287405.98
VENLAFAXINE,SWEDEN,70,1,109167259.14
ESCITALOPRAM,FRANCE,49,4,109059809.74999462
TIMOLOL,GERMANY,55,4,108212764.26
FOSFOMYCIN,GERMANY,20,1,108173615.23
METRONIDAZOLE,GEORGIA,61,3,107746409.29
PRESARTAN,PHILIPPINES,23,1,107734785.15
RAMIPRIL,MALTA,231,1,107393465.7200579
MEROPENEM,CANADA,10,2,107138598.85
DOLUTEGRAVIR,INDONESIA,16,2,106985263.68
FEXOFENADINE,NETHERLANDS,30,3,106671761.64967245
PERINDOPRIL,NETHERLANDS,58,1,106658654.22
MONTELUKAST,FINLAND,57,2,106432538.36
MOMETASONE,NETHERLANDS,67,4,105896199.88976946
SERTRALINE,NEW ZEALAND,57,1,105655497.06
VANCOMYCIN,SAUDI ARABIA,22,3,105623086.9113771
OLMESARTAN,CANADA,72,3,105548530.09
LOPINAVIR,MYANMAR,14,2,105464000.0
CAVERTA,MYANMAR,26,1,105085554.08
MONTELUKAST,RUSSIA,34,2,105016821.03827897
FLUVIR,KAZAKHSTAN,25,1,104696584.8
TRIAMCINOLONE,VIETNAM,16,2,104340722.18812856
CILASTATIN,PERU,6,2,104281639.29
OMPERAZOLE,RUSSIA,6,1,104043956.97
SILAGRA,SRI LANKA,39,1,103712745.95
ONDANSETRON,COLOMBIA,37,4,103703820.39
FLUTICASONE,SAUDI ARABIA,25,3,103578190.111
ANZAVIR,KENYA,8,1,103329847.86
SULFAMETHOXAZOLE,SOUTH AFRICA,9,1,103151149.85
ARTICAINE,ALGERIA,24,3,102934718.33
CLOPIDOGREL,JORDAN,15,3,102894267.49
RISPERIDONE,MALTA,392,3,102611220.7074601
TRICAINE,NEPAL,111,1,102491840.01
QUETIAPINE,GERMANY,41,3,102398683.22
DERMAZOLE,UZBEKISTAN,59,1,102232437.78
LEVOFLOXACIN,POLAND,26,3,102211853.61
OSELVIR,CHINA,6,1,102040680.83
DEXAMETHASONE,UZBEKISTAN,29,4,101871439.02
OSELTAMIVIR,BRAZIL,13,1,101865335.93
ACYCLOVIR,RUSSIA,17,2,100958530.49
DONEPEZIL,AUSTRALIA,71,3,100877470.04
DULOXETINE,GERMANY,57,4,100538460.11981168
DENOSUMAB,BANGLADESH,9,2,100115887.29
LANSOPRAZOLE,ALGERIA,21,2,100078555.1
TENOFOVIR,KAZAKHSTAN,50,2,100062015.11
AMOXICILLIN,SWEDEN,21,1,100018190.69
CILASTATIN,SAUDI ARABIA,61,1,99965520.33836086
IRBESARTAN,SRI LANKA,52,4,99833687.96913116
ESTRADIOL,CANADA,24,1,99820656.17
RITUXIMAB,SRI LANKA,24,2,99716036.49000001
AMOXICILLIN,RUSSIA,30,2,99180296.23504163
ENOXAPARIN,CANADA,34,1,98827976.24
RISPERIDONE,BRAZIL,95,1,98702025.13
NADOLOL,CANADA,35,1,98599758.61
OMEPRAZOLE,INDONESIA,32,3,98551594.42
METRONIDAZOLE,UKRAINE,49,2,98465745.57
SOFOSBUVIR,GEORGIA,10,2,98349727.94
ABACAVIR,ZIMBABWE,12,4,98233916.09
CLINDAMYCIN,CANADA,27,1,98001453.3
AMLODIPINE,FINLAND,40,3,97963805.21
BISOPROLOL,SOUTH AFRICA,63,4,97652054.04
PHENOXYMETHYLPENICILLIN,UNITED ARAB EMIRATES,5,3,97582801.29
SALBUTAMOL,RUSSIA,46,1,97303738.4
PHENOXYMETHYLPENICILLIN,TANZANIA,23,3,97194654.63
ABACAVIR,MALTA,52,1,96920423.5
LEVETIRACETAM,NORTH MACEDONIA,35,1,96781412.56
GEFITINIB,BRAZIL,11,4,96628212.14696738
QUETIAPINE,ITALY,75,1,96585468.03
CIPROFLOXACIN,HUNGARY,17,2,96325458.28
PENICILLIN,GERMANY,41,4,95924129.2799332
SITAGLIPTIN,SRI LANKA,24,4,95818904.81
CAFFEINE,AUSTRALIA,53,3,95618417.46
AMPICILLIN,AUSTRALIA,22,1,95551181.6
TIMOLOL,KAZAKHSTAN,33,2,95500882.01
ZOLPIDEM,SOUTH AFRICA,20,4,95323588.43785484
DICLOXACILLIN,NICARAGUA,33,3,95302037.41847686
ASPIRIN,SRI LANKA,22,4,94917000.0
ACETAMINOPHEN,CHILE,19,2,94758838.9
ERYTHROMYCIN,CHINA,55,4,94368600.24
VALPROATE,LITHUANIA,14,2,93979458.91
OLANZAPINE,GERMANY,55,4,93815179.75994192
PERINDOPRIL,BELGIUM,75,3,93676790.58
OMEPRAZOLE,KUWAIT,25,3,93562000.0
IBUPROFEN,ALGERIA,12,3,93482266.09
PHENOXYMETHYLPENCILLIN,SOUTH AFRICA,7,1,93348493.03999999
NILOTINIB,SRI LANKA,11,3,92865700.84
DOLUTEGRAVIR,ECUADOR,12,2,92561595.6
MONTELUKAST,CHINA,14,2,92412467.2
THEOPHYLLINE,THAILAND,14,1,92324633.9
NEBIVOLOL,FRANCE,75,4,92204606.68
AMLODIPINE,GREECE,30,3,91836805.45
IRBESARTAN,UNITED KINGDOM,56,4,91520161.50668886
NEBIVOLOL,VIETNAM,23,4,91247646.13
OMALIZUMAB,RUSSIA,8,1,91149346.08128566
PARACETAMOL,TUNISIA,11,2,90917341.32
VALACICLOVIR,SOUTH AFRICA,26,3,90381174.33
QUETIAPINE,BRAZIL,27,2,90380272.41
ERYTHROMYCIN,RWANDA,27,3,90251934.65
BETAMETHASONE,IRAN,13,3,90076411.0
SIMVASTATIN,ITALY,91,1,89801097.03286745
ATENOLOL,RUSSIA,13,3,89556996.33
PANTOPRAZOLE,CROATIA,18,2,89523528.36
ETOPHYLLINE,SRI LANKA,49,1,89004621.47
TENOFOVIR,BELARUS,45,2,88954284.81361799
BECLOMETASONE,UNITED KINGDOM,60,3,88938205.77
GLUCOSAMINE,FRANCE,41,3,88881752.07
PIPERACILLIN,COLOMBIA,16,2,88777144.48
FLUCLOXACILLIN,FRANCE,71,3,88767216.76
CILASTATIN,ECUADOR,16,1,88535000.0
CLOXACILLIN,GERMANY,27,2,88487448.25
TENOFOVIR,MEXICO,17,4,88482708.72
GANCICLOVIR,SOUTH KOREA,22,1,88332000.44894254
LINEZOLID,SOUTH AFRICA,10,3,88197000.0
SERTRALINE,FRANCE,29,2,87935289.94
SIMVASTATIN,GERMANY,50,4,87812910.7
SOLONE,AUSTRALIA,11,1,87580522.83
POSACONAZOLE,NETHERLANDS,5,2,87437060.12
AMLODIPINE,GERMANY,32,4,87363932.63994025
TRASTUZUMAB,LEBANON,10,3,86950091.43
RITONAVIR,FRANCE,10,1,86692615.03999999
PENICILLIN,KENYA,20,3,86687436.71
PHENOXYMETHYLPENICILLIN,SOUTH AFRICA,28,4,86681628.98
LEVETIRACETAM,HONG KONG,26,2,86643020.42999999
BISOPROLOL,MALTA,186,1,86552508.48271762
CLOPIDOGREL,NEW ZEALAND,18,1,86522115.74
CLINDAMYCIN,AUSTRALIA,19,2,86345378.07
AMOXYCILLIN,NEW ZEALAND,49,2,86326970.56
CLOXACILLIN,RWANDA,23,3,86326199.47
PARACETAMOL,BRAZIL,20,1,86263283.33
TRASTUZUMAB,MYANMAR,20,3,86132979.76582721
TENOFOVIR,CHILE,16,4,86094253.31
ATAZANAVIR,MYANMAR,9,1,85978270.54
LEVETIRACETAM,SERBIA,10,1,85798040.73
KAMAGRA,THAILAND,86,3,85581405.81
IMATINIB,AUSTRALIA,5,2,85577667.03
ATENOLOL,FRANCE,81,4,85428190.62
QUETIAPINE,INDONESIA,34,1,85170312.95
TENOFOVIR,RWANDA,17,2,84847918.86
HEPARIN,KAZAKHSTAN,5,1,84619424.13
ACETAMINOPHEN,COLOMBIA,6,1,84501725.41
RICOVIR,MALAYSIA,15,1,84478085.19
SITAGLIPTIN,FRANCE,24,4,84442150.21
TELMISARTAN,MADAGASCAR,109,2,84431519.87
AMLODIPINE,HUNGARY,48,3,84321056.64
DARUNAVIR,SOUTH AFRICA,24,4,84234882.3
DOXCYCLINE,UNITED STATES,6,1,84219803.75
TENOFOVIR,AUSTRALIA,15,4,84168114.55
THEOPHYLLINE,SRI LANKA,53,4,84120173.38
ESCITALOPRAM,NEW ZEALAND,24,2,84013890.44
ONDANSETRON,BRAZIL,24,1,84010471.49
PREGABALIN,FINLAND,31,1,83685647.16
DULOXETINE,SOUTH KOREA,12,1,83682269.51
CANDESARTAN,FRANCE,28,2,83626732.86
AZITHROMYCIN,JAPAN,20,4,83421103.96532823
AZITHROMYCIN,ALGERIA,15,2,83406577.56
BUDESONIDE,OMAN,14,3,83398244.01
MEDOPRIL,TURKMENISTAN,33,2,83371921.15
BISOPROLOL,CANADA,19,1,83232817.22999999
KAMAGRA,FRANCE,38,2,83090649.2
AZACITIDINE,GERMANY,13,2,82859099.28
PENICILLIN,TANZANIA,23,4,82796751.58
RAMIPRIL,SPAIN,14,1,82776521.36
METFORMIN,JORDAN,21,4,82673823.85
PREDNISOLONE,GUATEMALA,12,3,82498887.831
VANCOMYCIN,THAILAND,43,4,82398106.65583566
RISPERIDONE,JAPAN,36,1,82213218.41
DONEPEZIL,MEXICO,19,2,82114707.86
DOLUTEGRAVIR,LESOTHO,7,3,82045854.05
DARUNAVIR,CHILE,8,2,81904890.7
ARIPIPRAZOLE,MALAYSIA,36,3,81767729.11
GLIMEPIRIDE,VIETNAM,28,3,81731592.53
GLUCOSAMINE,SINGAPORE,19,3,81626666.74
ORNIDAZOLE,FRANCE,30,2,81591401.27
AZACITADINE,MALTA,17,2,81571754.04173036
ABACAVIR,BELGIUM,20,2,81520801.8
CLOPIDOGREL,POLAND,26,3,81466381.44
LANSOPRAZOLE,OMAN,10,2,81379489.64
ACETAMINOPHEN,MEXICO,7,2,81195000.0
NIMESULIDE,HAITI,13,3,81128490.87424184
CEFTRIAXONE,SAUDI ARABIA,20,2,81119535.1156558
PREGABALIN,ITALY,73,3,80953236.0
SOFOSBUVIR,MYANMAR,16,4,80949937.76
AKSONE,KAZAKHSTAN,11,2,80834765.2
PROGESTERONE,LITHUANIA,10,2,80795431.1
NEBIVOLOL,AUSTRALIA,139,2,80743151.1459768
TEMAZEPAM,UNITED STATES,34,1,80716305.34
METFORMIN,COSTA RICA,11,1,80666009.35
VALACICLOVIR,GERMANY,9,1,80394000.0
SOFRAMYCIN,SRI LANKA,15,1,80154588.54136072
FLUVASTATIN,UNITED STATES,34,1,79666900.21
FUROSEMIDE,MALTA,57,3,79564096.96760282
AMLOPRIL,VIETNAM,20,1,79479830.19
SERTRALINE,GERMANY,32,2,79159693.64
VENLAFAXINE,BELGIUM,73,4,78752285.91622828
DONEPEZIL,MALTA,226,3,78624043.38956822
ABACAVIR,GHANA,10,2,78575000.0
PRAVASTATIN,HUNGARY,24,1,78464563.94
QUETIAPINE,JAPAN,15,1,78274538.96
CLOPIDOGREL,GERMANY,23,2,78213976.35
RABEPRAZOLE,UKRAINE,7,1,78130005.2
FLUTICASONE,CZECH REPUBLIC,39,1,78090528.89
CEFIXIME,KAZAKHSTAN,17,2,77957556.21000001
ATENOLOL,UNITED KINGDOM,55,4,77949464.97182518
HYDROCORTISONE,UNITED KINGDOM,48,4,77677996.04
DESLORATADINE,CHILE,32,4,77563202.28
NAPROXEN,SWEDEN,51,1,77394841.38
ENALAPRIL,UNITED STATES,19,3,77393895.79
BISOPROLOL,ISRAEL,20,1,77266732.98
ESTRADIOL,SOUTH AFRICA,19,2,77236633.08
ABACAVIR,GERMANY,17,2,77195534.9
ACYCLOVIR,CANADA,26,4,77175988.27
PROGESTERONE,INDONESIA,20,1,77112921.49
CLARITHROMYCIN,GERMANY,34,3,77039665.4
DERMAZOLE,KAZAKHSTAN,40,1,76970121.74
NEBIVOLOL,MALTA,94,2,76968646.12746634
VALPARIN,PHILIPPINES,14,1,76907660.71
MOMETASONE,BELGIUM,104,4,76892003.0283281
ARIPIPRAZOLE,AUSTRALIA,63,3,76858946.11
DAPAGLIFLOZIN,NIGERIA,22,4,76852813.67
BETADINE,AUSTRALIA,23,3,76840801.2
VALGANCICLOVIR,CANADA,5,1,76835724.82000001
VENLAFAXINE,FINLAND,27,2,76815417.24000001
BECLOMETASONE,BELGIUM,54,1,76736731.96000001
CLONAZEPAM,SOUTH AFRICA,19,1,76714946.87
AZACITIDINE,MALTA,13,2,76709368.89
CANMAB,VENEZUELA,5,2,76493000.0
AZACITADINE,AUSTRALIA,7,1,76475342.0
PROPRANOLOL,SPAIN,60,2,76223073.72
AZACITIDINE,UNITED KINGDOM,5,1,76170000.0
DARUNAVIR,ETHIOPIA,13,3,75799948.37
ENTECAVIR,CANADA,7,2,75548222.47
BISOPROLOL,HUNGARY,45,2,75421925.42
DOLUTEGRAVIR,EQUATORIAL GUINEA,16,3,75233589.0
LOSARTAN,JAMAICA,66,3,74950625.19
LIDOCAINE,ALGERIA,20,2,74884218.18
ESCITALOPRAM,UNITED KINGDOM,59,4,74742772.10230945
DICLOXACILLIN,SWEDEN,11,1,74723288.43
ONDANSETRON,MEXICO,41,2,74588260.91999346
AMLODIPINE,SWEDEN,53,4,74335581.15
OSELTAMIVIR,MALTA,30,1,74264126.5
QUETIAPINE,GREECE,42,1,74222733.79
INSULIN,BOLIVIA,16,2,74214850.0
VALSARTAN,EL SALVADOR,20,2,74051332.88
ACICLOVIR,GERMANY,26,4,73838958.46000001
AMLODIPINE,OMAN,21,4,73775691.7
ATENOLOL,AUSTRALIA,45,3,73566527.04
LERCANIDIPINE,SPAIN,15,1,73497381.33
GABAPENTIN,BRAZIL,40,3,73489002.2704927
NIMESULIDE,KAZAKHSTAN,52,4,73456242.1
LOSARTAN,MALTA,148,3,73263602.99491799
DOLUTEGRAVIR,SENEGAL,10,3,73163790.9976756
GLUCOSAMINE,POLAND,30,2,72930962.97
TETRACYCLINE,ETHIOPIA,36,4,72746797.82
AMLODIPINE,COSTA RICA,21,2,72686996.00941166
SUNITINIB,BELGIUM,15,1,72680000.0
AMOXICILLIN,EL SALVADOR,70,4,72579320.58
AMOXICILLIN,ZIMBABWE,31,3,72465157.12327142
VANCOMYCIN,UNITED KINGDOM,28,4,72430677.37
ESOMEPRAZOLE,CHINA,77,1,72298815.51
IBUPROFEN,RWANDA,14,4,72271796.33
DONEPEZIL,JAPAN,20,1,72238559.06
ENOXAPARIN,LEBANON,18,4,72072875.38
DASATINIB,GUATEMALA,13,3,71975594.82
CARBAMAZEPINE,PHILIPPINES,35,4,71918970.7356558
AKSONE,TANZANIA,11,1,71749551.0
RAMIPRIL,ISRAEL,10,1,71542134.69
ESCITALOPRAM,COLOMBIA,23,4,71524519.92
PRAVASTATIN,CANADA,122,3,71227172.68065648
VANCOMYCIN,VIETNAM,18,3,71119806.73
TIGECYCLINE,SAUDI ARABIA,10,3,70901674.26
LORATIDINE,SRI LANKA,7,1,70846345.73
DARUNAVIR,PERU,11,2,70585628.94
BEVAMAB,TANZANIA,15,1,70332511.74
OLANZAPINE,MALAYSIA,51,3,70314826.12
IBUPROFEN,PARAGUAY,9,3,70247077.0
TOBRAMYCIN,AUSTRALIA,12,3,70243409.99
METRONIDAZOLE,CHINA,49,3,70164079.73
MENOTROPIN,MALAYSIA,16,1,70103133.75
LACIDIPINE,NETHERLANDS,21,1,69911969.63
ENOXAPARIN,BURKINA FASO,7,2,69553987.45001683
OLANZAPINE,FRANCE,71,4,69393168.53
EMPAGLIFLOZIN,BELGIUM,701,2,69304717.01
ACETAMINOPHEN,FRANCE,34,4,68961386.29
TRIMOXAZOLE,GUINEA,16,4,68686722.23
AMOXYCILLIN,MOZAMBIQUE,58,2,68638417.42
ATAZANAVIR,BURUNDI,6,1,68587233.73
PALONOSETRON,COLOMBIA,5,1,68543706.0
LERCANIDIPINE,CZECH REPUBLIC,14,2,68472503.65346567
EMPAGLIFLOZIN,SRI LANKA,18,2,68092834.92
NIFEDIPINE,BOTSWANA,18,3,68036229.33
BEVACIZUMAB,DOMINICAN REPUBLIC,22,1,68028130.4
CILASTATIN,SOUTH AFRICA,9,2,68015624.65
PANTOPRAZOLE,SAUDI ARABIA,17,2,67983628.46
BECLOMETASONE,COLOMBIA,25,1,67964608.36
ASPIRIN,UNITED KINGDOM,54,4,67952095.49
OLMESARTAN,GREECE,17,1,67797478.18
TOLTERODINE,UNITED KINGDOM,45,3,67577742.71000001
ESCITALOPRAM,CHILE,18,3,67559695.73
ESCITALOPRAM,SRI LANKA,46,2,67448205.34
QUETIAPINE,SPAIN,50,1,67436462.62
GABAPENTIN,COSTA RICA,25,3,67271644.04130057
MONTELUKAST,NETHERLANDS,100,4,67238122.42991222
ABACAVIR,ZAMBIA,7,1,67049784.059999995
CLOZAPINE,ITALY,28,1,66942573.11000001
NIZATIDINE,HUNGARY,15,1,66934217.15
ACETAMINOPHEN,PANAMA,17,2,66815229.0
GENTAMYCIN,FRANCE,13,2,66752073.510000005
OLMESARTAN,CHILE,38,3,66728546.946967386
PROPRANOLOL,MALTA,300,2,66663973.37556769
ESCITALOPRAM,SLOVENIA,38,2,66607256.51
OSETRON,ROMANIA,45,1,66532547.32
PROGESTERONE,MYANMAR,45,4,66446232.34576869
VALACICLOVIR,BELGIUM,50,1,65955773.75
MOMETASONE,GERMANY,75,3,65922931.10993371
LISINOPRIL,NEW ZEALAND,29,1,65870302.08
CLOPIDOGREL,NETHERLANDS,35,3,65847044.15
ZOLPIDEM,BRAZIL,26,4,65620070.34
GENTAMYCIN,EL SALVADOR,16,1,65579000.0
METFORMIN,ISRAEL,17,2,65428502.06
LEVETIRACETAM,SPAIN,24,3,65297159.21
LULICONAZOLE,IRAQ,12,3,65256446.010000005
VORICONAZOLE,SLOVENIA,11,1,65150474.1
METFORMIN,BANGLADESH,23,4,65128864.27
ONDANSETRON,KUWAIT,10,4,65086654.28
TIBOLONE,AUSTRALIA,15,1,65048705.010000005
HEPARIN,EL SALVADOR,13,2,64975132.67
SUCRAFIL,NEPAL,67,1,64946464.0
MIRTAZAPINE,SRI LANKA,19,2,64902401.4451792
PANTOPRAZOLE,HONG KONG,17,2,64856521.86987717
AMOXICILLIN,MAURITANIA,37,4,64686170.65064283
COTRIMOXAZOLE,BURKINA FASO,14,1,64501456.74
VENLAFAXINE,AUSTRIA,28,1,64374798.77
MEFENAMIC,SUDAN,14,2,64359023.69
ZIOMYCIN,UKRAINE,13,1,64326937.11
CLARITHROMYCIN,DOMINICAN REPUBLIC,23,4,64288186.739999995
TRANDOLAPRIL,UNITED STATES,47,2,64173461.89
GLUCOSAMINE,UKRAINE,21,2,63979706.7
FOSINOPRIL,MALTA,59,1,63911417.383628696
ZOLPIDEM,MALTA,50,1,63892283.182133995
ROZUVASTATIN,RUSSIA,26,1,63864510.09
RABEPRAZOLE,MOROCCO,20,1,63776801.82
AMPICILLIN,VIETNAM,9,3,63736343.2
RALTEGRAVIR,PANAMA,5,1,63735137.41
GABAPENTIN,MEXICO,15,1,63718581.839999996
LOPINAVIR,VIETNAM,15,1,63554740.7
CLOTRIMAZOLE,UNITED KINGDOM,17,3,63207379.92
FLUOCINOLONE,UNITED STATES,34,2,63006732.56
AMPICILLIN,CANADA,19,1,63006569.05
FLUTICASONE,FRANCE,16,3,62935042.5
CEFIXIME,NETHERLANDS,29,2,62812376.74
ESCITALOPRAM,NETHERLANDS,58,3,62757284.02
ENOXAPARIN,COLOMBIA,6,1,62628975.0
CANDESARTAN,TANZANIA,36,2,62610053.78
TADALAFIL,ITALY,65,4,62331946.96
GABAPENTIN,PERU,24,4,62146601.6
DARUNAVIR,ZAMBIA,5,2,62022930.19
CEFIXIME,MEXICO,24,1,61786563.56
TIGECYCLINE,COLOMBIA,12,4,61756273.58
NIFEDIPINE,UNITED KINGDOM,35,2,61698665.13
OLANZAPINE,CANADA,70,4,61659564.44968507
AMLODIPINE,NEW ZEALAND,28,1,61656817.33
ARIPIPRAZOLE,POLAND,29,2,61497954.1
BECLOMETASONE,GERMANY,45,1,61494080.88
METFORMIN,ARGENTINA,11,3,61479898.63
SIMVASTATIN,NEW ZEALAND,16,1,61434644.2
OMEPRAZOLE,LATVIA,49,2,61433697.91
FEXOFENADINE,CHILE,19,3,61400157.85
ACICLOVIR,BRAZIL,54,1,61395528.42
PENICILLIN,DENMARK,12,1,61345000.0
DONEPEZIL,SWEDEN,25,1,61313904.2
PENICILLIN,ANGOLA,30,3,61301966.6
VALPROATE,PHILIPPINES,30,3,61245426.2
VALPROATE,VIETNAM,20,2,60959373.72
ABACAVIR,NIGERIA,6,2,60922620.71
OMEPRAZOLE,BRAZIL,28,2,60906774.43
DULOXETINE,MYANMAR,32,3,60831228.55
ENTECAVIR,UNITED STATES,28,2,60810076.9
DOLUTEGRAVIR,NAMIBIA,10,3,60685304.603
DARUNAVIR,ALGERIA,5,2,60539365.72
BUPIVACAINE,SOUTH AFRICA,77,2,60434120.82641843
SALBUTAMOL,ALGERIA,33,3,60309890.83
ATORVASTATIN,MADAGASCAR,84,4,60234224.6
PHENOXYMETHYLPENCILLIN,MALTA,24,1,60122468.2
CIPROFLOXACIN,COLOMBIA,24,2,60020663.0
DOLUTEGRAVIR,CUBA,5,1,59669273.269999996
TELSARTAN,RUSSIA,31,1,59611281.11
DOLUTEGRAVIR,NETHERLANDS,42,3,59609702.72
DOLUTEGRAVIR,CHILE,11,4,59608515.16
ENALAPRIL,MALTA,69,2,59575652.03573201
BENZYLPENICILLIN,MALAYSIA,26,1,59455185.73
PAMIDRONATE,UNITED STATES,6,1,59453159.41
ESCITALOPRAM,CZECH REPUBLIC,104,1,59253487.82477254
RANITIDINE,UZBEKISTAN,27,4,59231756.96
ENALAPRIL,FINLAND,27,1,59225287.230000004
OSETRON,LATVIA,11,1,59211763.91
PREGABALIN,NIGER,26,2,59182641.83
PREDNISOLONE,KAZAKHSTAN,23,1,59154767.31
VALSARTAN,DOMINICAN REPUBLIC,46,3,59137132.730000004
SULFAMETHOXAZOLE,TANZANIA,10,3,58903277.19
DONEPEZIL,MOROCCO,9,1,58877490.13
PARACETAMOL,SWITZERLAND,79,1,58609682.92
AZITHROMYCIN,DENMARK,21,4,58578041.35
CLOTRIMAZOLE,NEW ZEALAND,57,1,58535500.7
FLUTICASONE,DOMINICAN REPUBLIC,37,4,58507564.23
ONDANSETRON,NEW ZEALAND,45,4,58454632.17969292
CILASTATIN,NETHERLANDS,9,1,58397886.0
GLUCOSAMINE,SRI LANKA,29,3,58356185.5
DAPTOMYCIN,COLOMBIA,5,2,58318508.9
VILDAGLIPTIN,CHILE,19,1,58209721.95557451
ASTATIN,MALAYSIA,29,1,58171473.13
CARBAMAZEPINE,SOUTH AFRICA,12,4,58170000.0
MOLNUPIRAVIR,CAMBODIA,42,3,58148999.99999999
SULFAMETHOXAZOLE,FRANCE,40,4,58001230.86
