drug_substance,t,forecast_month,last_actual_transaction_count_t8,model_f_gmm_xgb_forecast,model_g_ensemble_forecast
PARACETAMOL,21,2024-09,1600,1552.4,1387.9
SILDENAFIL,21,2024-09,1309,1312.3,1132.4
AMOXICILLIN,21,2024-09,966,986.6,977.3
TADALAFIL,21,2024-09,930,973.1,973.5
DICLOFENAC,21,2024-09,854,938.9,914.8
METFORMIN,21,2024-09,846,931.0,839.0
KAMAGRA,21,2024-09,750,687.5,740.6
IBUPROFEN,21,2024-09,710,717.6,718.4
VIDALISTA,21,2024-09,610,708.6,658.6
OMEPRAZOLE,21,2024-09,626,590.8,655.5
AZITHROMYCIN,21,2024-09,588,662.8,612.8
ATORVASTATIN,21,2024-09,550,599.9,584.3
AMLODIPINE,21,2024-09,523,609.6,579.6
CENFORCE,21,2024-09,568,622.1,541.2
CIPROFLOXACIN,21,2024-09,524,541.7,528.7
METRONIDAZOLE,21,2024-09,528,491.5,512.7
PREGABALIN,21,2024-09,472,520.4,492.0
SALBUTAMOL,21,2024-09,462,461.6,461.4
ROSUVASTATIN,21,2024-09,473,470.2,428.8
AMOXYCILLIN,21,2024-09,378,469.1,423.3
FLUTICASONE,21,2024-09,470,437.2,421.5
PANTOPRAZOLE,21,2024-09,431,415.7,404.1
CEFTRIAXONE,21,2024-09,396,409.7,403.9
TELMISARTAN,21,2024-09,388,391.2,387.6
LOSARTAN,21,2024-09,357,380.3,379.0
TESTOSTERONE,21,2024-09,420,376.5,376.5
LEVETIRACETAM,21,2024-09,452,350.9,374.1
GABAPENTIN,21,2024-09,365,379.2,370.9
METOPROLOL,21,2024-09,420,365.1,370.2
VARDENAFIL,21,2024-09,398,313.3,369.9
CLOTRIMAZOLE,21,2024-09,334,354.1,351.7
CEFIXIME,21,2024-09,356,334.0,344.3
ESOMEPRAZOLE,21,2024-09,340,337.6,336.0
ONDANSETRON,21,2024-09,367,293.6,334.2
PREDNISOLONE,21,2024-09,302,287.6,319.9
FLUCONAZOLE,21,2024-09,289,325.7,313.2
BUDESONIDE,21,2024-09,302,304.2,294.3
QUETIAPINE,21,2024-09,298,265.7,284.8
CLINDAMYCIN,21,2024-09,271,284.5,278.1
DEXAMETHASONE,21,2024-09,284,255.8,271.1
HYDROCORTISONE,21,2024-09,260,219.7,260.4
ALBENDAZOLE,21,2024-09,251,253.4,248.9
LEVOFLOXACIN,21,2024-09,270,241.9,247.6
BETAMETHASONE,21,2024-09,206,236.1,244.2
MONTELUKAST,21,2024-09,223,243.8,239.4
CETIRIZINE,21,2024-09,261,206.7,232.8
VALSARTAN,21,2024-09,275,212.1,229.3
DAPAGLIFLOZIN,21,2024-09,223,204.1,213.6
TIMOLOL,21,2024-09,230,211.0,212.9
DOXYCYCLINE,21,2024-09,228,191.8,207.3
OLANZAPINE,21,2024-09,213,193.9,206.7
TENOFOVIR,21,2024-09,200,192.0,203.9
CLOPIDOGREL,21,2024-09,182,206.0,202.5
ESCITALOPRAM,21,2024-09,200,174.8,197.7
TADARISE,21,2024-09,217,180.9,191.1
VENLAFAXINE,21,2024-09,155,189.4,187.9
RAMIPRIL,21,2024-09,200,182.6,187.2
CYPROHEPTADINE,21,2024-09,188,192.9,186.1
SITAGLIPTIN,21,2024-09,202,160.4,182.3
DULOXETINE,21,2024-09,196,169.6,181.9
FUROSEMIDE,21,2024-09,151,165.9,175.7
LIDOCAINE,21,2024-09,160,196.9,173.7
ACICLOVIR,21,2024-09,156,168.9,173.5
HEPARIN,21,2024-09,167,165.4,172.3
FORMOTEROL,21,2024-09,185,162.1,171.6
KETOCONAZOLE,21,2024-09,168,154.4,171.0
TRAMADOL,21,2024-09,199,143.0,168.2
NEBIVOLOL,21,2024-09,171,186.2,167.5
SERTRALINE,21,2024-09,184,173.5,165.9
ACECLOFENAC,21,2024-09,174,161.9,165.2
RISPERIDONE,21,2024-09,160,153.0,164.3
BISOPROLOL,21,2024-09,171,149.8,163.2
ERYTHROMYCIN,21,2024-09,152,151.1,159.1
OFLOXACIN,21,2024-09,171,148.1,158.6
PROGESTERONE,21,2024-09,153,166.2,157.1
NAPROXEN,21,2024-09,197,121.4,154.1
MOMETASONE,21,2024-09,135,184.5,150.8
AMPICILLIN,21,2024-09,167,142.2,150.1
OLMESARTAN,21,2024-09,141,151.5,149.8
FEXOFENADINE,21,2024-09,157,156.8,149.1
MENTHOL,21,2024-09,145,155.6,148.1
TRIAMCINOLONE,21,2024-09,156,148.7,147.1
EMPAGLIFLOZIN,21,2024-09,157,138.9,144.0
DOLUTEGRAVIR,21,2024-09,229,131.9,140.3
ESTRADIOL,21,2024-09,129,145.7,140.0
LIGNOCAINE,21,2024-09,152,117.5,139.8
ACETAMINOPHEN,21,2024-09,143,133.3,138.6
MEROPENEM,21,2024-09,142,133.7,136.9
FILDENA,21,2024-09,146,128.8,136.0
RABEPRAZOLE,21,2024-09,136,132.1,134.5
MEBENDAZOLE,21,2024-09,144,109.8,133.7
DAPOXETINE,21,2024-09,143,114.8,132.4
VANCOMYCIN,21,2024-09,160,123.1,131.0
MICONAZOLE,21,2024-09,121,119.6,130.0
PROPRANOLOL,21,2024-09,127,134.2,129.2
SUHAGRA,21,2024-09,126,151.3,128.4
ENALAPRIL,21,2024-09,134,112.1,128.1
CARBAMAZEPINE,21,2024-09,129,110.8,126.9
ASPIRIN,21,2024-09,132,106.3,123.0
AVANAFIL,21,2024-09,105,129.8,120.6
GLIMEPIRIDE,21,2024-09,117,121.8,119.5
MOXIFLOXACIN,21,2024-09,132,101.5,119.4
DONEPEZIL,21,2024-09,109,107.5,118.2
MIRTAZAPINE,21,2024-09,106,94.6,118.1
ARIPIPRAZOLE,21,2024-09,98,136.3,116.6
CLARITHROMYCIN,21,2024-09,119,119.6,115.6
ATENOLOL,21,2024-09,96,125.1,115.5
NEOMYCIN,21,2024-09,105,88.6,114.8
TRENBOLONE,21,2024-09,136,101.5,112.1
LORATADINE,21,2024-09,178,90.8,111.5
NIFEDIPINE,21,2024-09,101,107.1,111.1
MALEGRA,21,2024-09,124,96.3,110.7
ITRACONAZOLE,21,2024-09,84,112.3,109.3
SIMVASTATIN,21,2024-09,111,123.2,107.6
TOBRAMYCIN,21,2024-09,85,107.3,107.2
ASHWAGANDHA,21,2024-09,111,105.7,104.8
METHYLPREDNISOLONE,21,2024-09,99,88.5,104.2
TRIMOXAZOLE,21,2024-09,99,85.5,102.8
DOMPERIDONE,21,2024-09,82,107.7,102.3
BECLOMETHASONE,21,2024-09,94,100.8,102.2
FAMOTIDINE,21,2024-09,102,90.3,102.1
LANSOPRAZOLE,21,2024-09,101,100.9,97.4
TETRACYCLINE,21,2024-09,102,96.3,94.2
NYSTATIN,21,2024-09,118,80.8,92.7
CANDESARTAN,21,2024-09,96,89.8,90.3
VALPROATE,21,2024-09,87,86.3,90.2
INSULIN,21,2024-09,85,83.1,88.7
PIPERACILLIN,21,2024-09,83,82.5,84.8
NANDROLONE,21,2024-09,92,77.8,82.5
BUPIVACAINE,21,2024-09,81,73.7,80.0
PHENYTOIN,21,2024-09,76,85.9,79.3
IRBESARTAN,21,2024-09,76,97.4,78.5
RANITIDINE,21,2024-09,79,82.3,78.0
LISINOPRIL,21,2024-09,70,82.7,76.3
ENOXAPARIN,21,2024-09,81,75.4,72.8
ACYCLOVIR,21,2024-09,79,67.9,72.1
BETADINE,21,2024-09,71,70.0,71.9
DESLORATADINE,21,2024-09,74,64.9,69.5
PENICILLIN,21,2024-09,64,80.6,67.1
ACIVIR,21,2024-09,59,86.5,66.5
CLOXACILLIN,21,2024-09,67,55.4,66.1
TRASTUZUMAB,21,2024-09,79,82.5,64.6
MEFENAMIC,21,2024-09,53,57.7,63.0
FLUOCINOLONE,21,2024-09,64,71.7,63.0
RITUXIMAB,21,2024-09,92,52.0,62.5
IMATINIB,21,2024-09,55,66.2,62.5
DAPSONE,21,2024-09,62,52.8,61.5
PERINDOPRIL,21,2024-09,85,60.1,61.3
PITAVASTATIN,21,2024-09,60,68.4,60.2
CAFFEINE,21,2024-09,72,59.2,59.5
MITOMYCIN,21,2024-09,69,58.5,58.2
VILDAGLIPTIN,21,2024-09,64,48.8,58.0
WARFARIN,21,2024-09,48,56.2,58.0
TINIDAZOLE,21,2024-09,60,60.0,57.9
OLOPATADINE,21,2024-09,49,55.4,57.4
LEVOTHYROXINE,21,2024-09,31,63.6,57.3
DEXLANSOPRAZOLE,21,2024-09,62,66.7,56.8
ALENDRONATE,21,2024-09,68,48.4,56.2
STANOZOLOL,21,2024-09,90,48.4,56.1
LINEZOLID,21,2024-09,50,58.5,54.6
BEVACIZUMAB,21,2024-09,54,47.5,53.5
VORICONAZOLE,21,2024-09,61,51.1,53.2
CAVERTA,21,2024-09,59,55.0,51.0
SHATAVARI,21,2024-09,57,51.0,50.6
COTRIMOXAZOLE,21,2024-09,47,43.3,48.0
SOFOSBUVIR,21,2024-09,48,39.8,47.8
OXANDROLONE,21,2024-09,47,49.6,47.2
CLOZAPINE,21,2024-09,54,42.0,47.1
MELATONIN,21,2024-09,41,41.7,46.2
NIMESULIDE,21,2024-09,39,53.1,44.9
WYSOLONE,21,2024-09,45,39.1,43.9
ABACAVIR,21,2024-09,39,45.1,43.2
NORFLOXACIN,21,2024-09,39,46.3,43.1
BLEOMYCIN,21,2024-09,39,47.4,42.6
LINAGLIPTIN,21,2024-09,44,40.6,42.3
TOFACITINIB,21,2024-09,50,29.3,41.7
SILAGRA,21,2024-09,45,43.9,41.6
HISONE,21,2024-09,35,48.6,40.9
FLUCLOXACILLIN,21,2024-09,30,35.5,40.8
OSELTAMIVIR,21,2024-09,31,44.2,40.5
DACTINOMYCIN,21,2024-09,35,46.2,40.5
PROPARACAINE,21,2024-09,52,19.3,40.0
LIPRIL,21,2024-09,39,49.3,39.2
CARBIMAZOLE,21,2024-09,37,34.4,38.7
CILASTATIN,21,2024-09,44,24.8,38.6
TOLTERODINE,21,2024-09,42,42.2,35.4
LERCANIDIPINE,21,2024-09,35,35.7,35.4
MENOTROPIN,21,2024-09,30,32.9,34.7
MODAFIL,21,2024-09,24,44.8,34.3
CANAGLIFLOZIN,21,2024-09,33,41.1,34.2
SULPHAMETHOXAZOLE,21,2024-09,31,42.9,33.9
VALACYCLOVIR,21,2024-09,33,26.4,33.8
VALACICLOVIR,21,2024-09,43,26.9,33.1
TASTYLIA,21,2024-09,37,29.6,33.1
BECLOMETASONE,21,2024-09,32,31.2,32.7
LENVATINIB,21,2024-09,38,35.5,31.6
METHIMAZOLE,21,2024-09,38,22.4,31.4
METHYLCOBALAMIN,21,2024-09,29,35.1,31.1
VERDENAFIL,21,2024-09,24,36.1,30.8
AMANTADINE,21,2024-09,38,29.6,30.4
TELSARTAN,21,2024-09,48,27.7,29.4
AZACITIDINE,21,2024-09,37,22.9,29.3
GENTAMYCIN,21,2024-09,27,35.3,28.2
METHENOLONE,21,2024-09,31,29.0,27.6
VALCIVIR,21,2024-09,28,43.5,27.5
VERDINAFIL,21,2024-09,35,29.6,27.3
DENOSUMAB,21,2024-09,22,24.6,27.0
PREDNISONE,21,2024-09,26,28.7,26.8
GLUCOSAMINE,21,2024-09,29,24.5,26.5
OXYMETHOLONE,21,2024-09,34,28.2,25.9
ENTECAVIR,21,2024-09,27,24.5,25.8
APCALIS,21,2024-09,20,33.9,25.7
MESTEROLONE,21,2024-09,25,29.3,25.3
PRAVASTATIN,21,2024-09,19,18.6,24.7
NIMODIPINE,21,2024-09,28,26.1,24.7
GANCICLOVIR,21,2024-09,21,23.3,23.6
SULFAMETHOXAZOLE,21,2024-09,20,27.5,23.3
FENBENDAZOLE,21,2024-09,34,12.9,22.9
IBRUTINIB,21,2024-09,17,23.4,22.8
DAPTOMYCIN,21,2024-09,28,19.7,22.5
DARUNAVIR,21,2024-09,19,29.0,22.2
VALCLOVIR,21,2024-09,22,25.1,21.8
DASATINIB,21,2024-09,26,17.6,21.5
VALGANCICLOVIR,21,2024-09,33,15.9,21.5
FLUDROCORTISONE,21,2024-09,16,21.0,21.4
THEOPHYLLINE,21,2024-09,22,22.4,21.0
FOSFOMYCIN,21,2024-09,25,19.5,20.6
PRESARTAN,21,2024-09,31,15.4,20.2
SECNIDAZOLE,21,2024-09,23,16.6,20.2
ORNIDAZOLE,21,2024-09,15,19.1,20.1
DIAZEPAM,21,2024-09,16,17.7,19.9
ALPRAZOLAM,21,2024-09,21,23.4,19.7
NATAMYCIN,21,2024-09,23,18.2,19.7
SILDNAFIL,21,2024-09,24,19.1,19.4
SUNITINIB,21,2024-09,18,20.4,19.3
BENZOCAINE,21,2024-09,28,26.8,19.3
RITONAVIR,21,2024-09,29,21.1,19.1
MINOCYCLINE,21,2024-09,21,18.0,18.9
AMINOPHYLLINE,21,2024-09,22,21.6,18.2
TIGECYCLINE,21,2024-09,17,16.5,18.1
ERLOTINIB,21,2024-09,19,14.0,18.1
DICLOXACILLIN,21,2024-09,21,13.6,18.0
MIDAZOLAM,21,2024-09,14,16.8,18.0
OXYTETRACYCLINE,21,2024-09,27,11.0,17.9
GONADOTROPIN,21,2024-09,17,18.4,17.8
SOFRAMYCIN,21,2024-09,17,11.8,17.2
ZOLPIDEM,21,2024-09,14,20.7,17.1
AMOXCYCILLIN,21,2024-09,24,2.0,16.5
ENAPRIL,21,2024-09,15,17.7,16.5
COLLAGEN,21,2024-09,9,17.1,16.4
CILNIDIPINE,21,2024-09,13,16.2,15.9
CAPTOPRIL,21,2024-09,12,16.6,15.6
UROFOLLITROPIN,21,2024-09,19,12.1,15.6
MERCAZOLE,21,2024-09,17,15.1,15.6
AXALINE,21,2024-09,20,20.6,15.1
ZOVICLOVIR,21,2024-09,21,12.5,15.1
ROPIVACAINE,21,2024-09,24,15.8,14.9
CAMPICILLIN,21,2024-09,18,18.8,14.9
ORAFIL,21,2024-09,15,17.1,14.8
OCUVIR,21,2024-09,16,18.3,14.6
STANAZOLOL,21,2024-09,0,31.2,14.5
VALPARIN,21,2024-09,12,23.6,14.4
AUROCAINE,21,2024-09,10,12.5,14.2
ESMOLOL,21,2024-09,8,14.7,14.1
SUCRAFIL,21,2024-09,22,11.6,14.1
POSACONAZOLE,21,2024-09,12,11.5,14.0
TIOTROPIN,21,2024-09,23,11.3,13.8
BENAZEPRIL,21,2024-09,23,8.5,13.8
FLUOROMETHOLONE,21,2024-09,19,10.7,13.7
AMETHOCAINE,21,2024-09,19,7.1,13.5
DUOVIR,21,2024-09,19,10.9,13.5
RUPATADINE,21,2024-09,24,14.9,13.3
ANASTRAZOLE,21,2024-09,18,13.0,13.3
DERMAZOLE,21,2024-09,26,14.8,13.2
PALONOSETRON,21,2024-09,7,16.6,13.1
DARATUMUMAB,21,2024-09,16,10.1,13.1
TENELIGLIPTIN,21,2024-09,11,15.1,13.0
CLONAZEPAM,21,2024-09,11,14.1,13.0
SAXAGLIPTIN,21,2024-09,12,12.9,13.0
ARORVASTATIN,21,2024-09,13,21.6,12.7
EUCALYPTUS,21,2024-09,18,11.0,12.6
CABOZANTINIB,21,2024-09,7,13.4,12.5
ENROFLOXACIN,21,2024-09,18,10.4,12.3
SOMATROPIN,21,2024-09,9,20.4,12.3
ROXITHROMYCIN,21,2024-09,13,12.2,12.2
XYLOCAINE,21,2024-09,8,10.3,12.1
GRANISETRON,21,2024-09,15,10.5,12.0
CAMPHOR,21,2024-09,15,8.9,11.9
CHONDROITIN,21,2024-09,16,7.2,11.8
GEFITINIB,21,2024-09,12,11.7,11.7
UDENAFIL,21,2024-09,15,10.9,11.1
TOLPERISONE,21,2024-09,11,8.3,11.0
DROSTANOLONE,21,2024-09,5,22.5,10.9
LULICONAZOLE,21,2024-09,12,8.7,10.7
BIOTIN,21,2024-09,6,11.7,10.6
LAPATINIB,21,2024-09,10,11.2,10.6
PANTAPRAZOLE,21,2024-09,9,11.4,10.6
PENTOPRAZOLE,21,2024-09,10,14.2,10.5
DEXAMETHOSONE,21,2024-09,13,2.0,10.4
EMPLAGLIFLOZIN,21,2024-09,13,10.3,10.3
USTEKINUMAB,21,2024-09,9,12.5,10.1
AXITINIB,21,2024-09,14,7.0,10.0
LORATIDINE,21,2024-09,11,7.1,9.7
TRINBELIMAB,21,2024-09,14,7.2,9.7
CIZUMAB,21,2024-09,7,10.1,9.6
ADALIMUMAB,21,2024-09,12,7.9,9.5
KETOKONAZOLE,21,2024-09,12,9.0,9.2
DACLATASVIR,21,2024-09,8,7.1,9.2
MICOCYCLINE,21,2024-09,10,12.9,9.1
PHENOXYMETHYLPENICILLIN,21,2024-09,7,15.1,9.1
ETOPHYLLINE,21,2024-09,9,10.2,8.9
IBANDRONATE,21,2024-09,10,7.8,8.9
ATAZANAVIR,21,2024-09,8,11.5,8.8
NILOTINIB,21,2024-09,7,8.1,8.6
EUTROPIN,21,2024-09,8,10.2,8.6
FELODIPINE,21,2024-09,11,10.7,8.5
FAMCICLOVIR,21,2024-09,17,5.7,8.5
GATIFLOXACIN,21,2024-09,14,8.0,8.5
CURCUMIN,21,2024-09,8,10.6,8.2
STREPTOMYCIN,21,2024-09,13,4.4,8.1
CIMETIDINE,21,2024-09,9,8.4,7.9
LOPINAVIR,21,2024-09,6,11.9,7.8
MOLNUPIRAVIR,21,2024-09,6,8.0,7.7
ACALABRUTINIB,21,2024-09,10,2.0,7.6
TENVIR,21,2024-09,8,13.4,7.3
ECONAZOLE,21,2024-09,8,5.4,7.2
COMBOVIR,21,2024-09,15,1.5,7.1
NIVOLUMAB,21,2024-09,8,3.0,7.0
ASITOMYCIN,21,2024-09,17,3.7,7.0
SIDENAFIL,21,2024-09,10,6.5,6.8
RICOVIR,21,2024-09,12,6.0,6.8
RISEDRONATE,21,2024-09,0,17.0,6.6
OSELVIR,21,2024-09,4,8.3,6.5
OSIMERTINIB,21,2024-09,8,6.9,6.5
BENZYLPENICILLIN,21,2024-09,8,7.7,6.4
LINCOMYCIN,21,2024-09,6,9.6,6.4
DROSTENOLONE,21,2024-09,8,6.3,6.3
NICARDIPINE,21,2024-09,5,3.8,6.3
SULTAMICILLIN,21,2024-09,6,5.9,6.2
REMDESIVIR,21,2024-09,6,5.5,6.1
PEMBROLIZUMAB,21,2024-09,5,9.4,6.0
CIPRIL,21,2024-09,23,1.0,6.0
LEDIPASVIR,21,2024-09,6,8.8,6.0
CANMAB,21,2024-09,4,6.1,5.8
DROSTOLONE,21,2024-09,9,3.0,5.7
OXETACAINE,21,2024-09,11,4.9,5.7
LOVASTATIN,21,2024-09,4,8.1,5.5
PRAZOLE,21,2024-09,8,4.8,5.4
VIROVIR,21,2024-09,8,6.1,5.4
VIDAGLIPTIN,21,2024-09,8,3.5,5.2
ABCIXIMAB,21,2024-09,5,6.9,5.1
SITAPRIL,21,2024-09,13,3.7,4.7
CIDOFOVIR,21,2024-09,3,7.6,4.5
SPECTINOMYCIN,21,2024-09,5,2.1,4.5
DEFLUTICASONE,21,2024-09,0,0.6,4.4
NAMCOMYCIN,21,2024-09,7,2.6,4.4
DIAZOLE,21,2024-09,7,3.9,4.4
MANIDIPINE,21,2024-09,10,1.5,4.3
COROVIR,21,2024-09,8,1.3,4.2
BICTEGRAVIR,21,2024-09,2,6.6,4.2
ANAZOLE,21,2024-09,8,5.3,4.0
PERTUZUMAB,21,2024-09,15,1.4,3.9
CETUXIMAB,21,2024-09,6,4.0,3.9
AFATINIB,21,2024-09,4,2.3,3.9
TRICAINE,21,2024-09,7,3.8,3.7
VELPATASVIR,21,2024-09,4,6.1,3.7
ALSARTAN,21,2024-09,4,5.3,3.7
MGDAPAGLIFLOZIN,21,2024-09,3,4.7,3.7
DEXASONE,21,2024-09,0,7.4,3.6
FLUVIR,21,2024-09,0,7.2,3.5
RALTEGRAVIR,21,2024-09,3,3.8,3.5
JOVASTATIN,21,2024-09,9,1.4,3.4
LEVOBUPIVACAINE,21,2024-09,7,3.3,3.4
QUINAPRIL,21,2024-09,12,1.6,3.4
MCOSVIR,21,2024-09,2,2.5,3.4
FOSINOPRIL,21,2024-09,13,3.2,3.3
SERTACONAZOLE,21,2024-09,7,2.2,3.3
OSIVIR,21,2024-09,3,4.5,3.3
EFAVIR,21,2024-09,4,3.7,3.3
NIZATIDINE,21,2024-09,4,5.1,3.3
AMLOXICILLIN,21,2024-09,5,3.8,3.3
LAMIVIR,21,2024-09,3,5.1,3.3
CORTECYCLINE,21,2024-09,5,5.0,3.2
ULINASTATIN,21,2024-09,3,4.1,3.1
ACYLOVIR,21,2024-09,5,2.9,3.1
GENOTROPIN,21,2024-09,0,7.8,3.0
ENTAVIR,21,2024-09,4,5.0,3.0
BOSUTINIB,21,2024-09,3,1.3,3.0
CRONIVIR,21,2024-09,3,0.7,2.9
DESLORATIDINE,21,2024-09,2,3.6,2.9
KETACONAZOLE,21,2024-09,2,3.0,2.9
ANZAVIR,21,2024-09,3,2.7,2.9
PAPARIN,21,2024-09,8,2.8,2.9
ACEBROPHYLLINE,21,2024-09,8,2.2,2.8
MOROVIR,21,2024-09,3,1.1,2.8
AZACITADINE,21,2024-09,0,5.3,2.8
MNOPHYLLINE,21,2024-09,3,2.5,2.7
VEDOLIZUMAB,21,2024-09,2,1.9,2.7
OCUCYCLINE,21,2024-09,4,3.4,2.7
PREDINISOLONE,21,2024-09,5,2.0,2.7
ADRIAMYCIN,21,2024-09,5,1.5,2.7
BETAXOLOL,21,2024-09,4,2.9,2.7
BESIFLOXACIN,21,2024-09,6,2.3,2.6
FLUROMETHOLONE,21,2024-09,3,2.0,2.6
ANDCLOXACILLIN,21,2024-09,4,1.9,2.6
ANDBETAMETHASONE,21,2024-09,3,1.9,2.6
TRANDOLAPRIL,21,2024-09,4,3.3,2.6
CLOCIVIR,21,2024-09,2,3.8,2.6
ONTINIB,21,2024-09,4,1.6,2.6
HISTIDINE,21,2024-09,4,2.0,2.6
PONATINIB,21,2024-09,9,2.3,2.6
PHENOCAINE,21,2024-09,5,1.7,2.6
RANIBIZUMAB,21,2024-09,4,2.3,2.6
VONAVIR,21,2024-09,4,3.8,2.6
ROSOPRIL,21,2024-09,12,2.3,2.5
CONSUMPTIONTENOFOVIR,21,2024-09,1,4.3,2.5
OLIMAB,21,2024-09,2,0.9,2.5
CONSUMPTIONDACTINOMYCIN,21,2024-09,2,3.0,2.5
CONSUMPTIONAMOXICILLIN,21,2024-09,0,6.3,2.5
ATROPIN,21,2024-09,3,4.1,2.4
ONDENSETRON,21,2024-09,2,3.1,2.4
SETRON,21,2024-09,3,1.7,2.4
INFLIXIMAB,21,2024-09,6,3.8,2.4
ZIOMYCIN,21,2024-09,1,3.7,2.4
BIODRONATE,21,2024-09,6,2.5,2.3
NIRMATRELVIR,21,2024-09,4,2.2,2.3
COTROPIN,21,2024-09,3,2.3,2.3
PROCAINE,21,2024-09,2,2.7,2.3
FEBENDAZOLE,21,2024-09,2,4.2,2.3
VALACVIR,21,2024-09,4,2.4,2.3
INTACAINE,21,2024-09,1,2.0,2.2
DASAMOOLAM,21,2024-09,4,1.8,2.2
MEDICINESSIMVASTATIN,21,2024-09,1,1.7,2.2
SALMETEROLFLUTICASONE,21,2024-09,0,3.8,2.2
GOODSENALAPRIL,21,2024-09,5,1.8,2.2
REBEPRAZOLE,21,2024-09,2,2.8,2.1
EPERISONE,21,2024-09,3,2.7,2.1
OMALIZUMAB,21,2024-09,2,2.5,2.1
ROSVASTATIN,21,2024-09,2,3.1,2.1
FLUVASTATIN,21,2024-09,0,4.6,2.1
PROPANOLOL,21,2024-09,3,1.4,2.0
DESOXIMETASONE,21,2024-09,4,1.9,2.0
SOMATOSTATIN,21,2024-09,0,2.3,2.0
AZILSARTAN,21,2024-09,1,2.9,2.0
CONSUMPTIONAZITHROMYCIN,21,2024-09,2,2.1,2.0
PENVIR,21,2024-09,1,1.5,2.0
METHYPREDNISOLONE,21,2024-09,2,2.8,2.0
OSETRON,21,2024-09,3,3.1,2.0
MUCAINE,21,2024-09,1,2.0,2.0
LUSTATIN,21,2024-09,2,2.8,1.9
LORAZEPAM,21,2024-09,3,2.4,1.9
MEDOPRIL,21,2024-09,8,0.6,1.9
CONSUMPTIONDEXAMETHASONE,21,2024-09,0,3.7,1.9
FOLLITROPIN,21,2024-09,2,0.5,1.9
GELCLINDAMYCIN,21,2024-09,1,4.1,1.9
CONSUMPTIONSILDENAFIL,21,2024-09,0,3.7,1.9
NIMOTUZUMAB,21,2024-09,2,2.6,1.9
CONSUMPTIONACICLOVIR,21,2024-09,0,2.9,1.9
CONSUMPTIONCLINDAMYCIN,21,2024-09,3,2.4,1.9
PIPRACILLIN,21,2024-09,1,2.6,1.9
RAMUCIRUMAB,21,2024-09,2,1.9,1.9
TRICLABENDAZOLE,21,2024-09,1,1.8,1.8
APRAZOLE,21,2024-09,3,2.1,1.8
BETHAMETHASONE,21,2024-09,1,2.7,1.8
FELIMAZOLE,21,2024-09,3,1.3,1.8
CHORIOGONADOTROPIN,21,2024-09,1,1.6,1.8
DEXRABEPRAZOLE,21,2024-09,2,2.5,1.8
CONSUMPTIONCIPROFLOXACIN,21,2024-09,0,3.2,1.8
PROPONOLOL,21,2024-09,0,2.8,1.8
CYNOMYCIN,21,2024-09,2,3.2,1.8
ACEBUTOLOL,21,2024-09,7,0.7,1.8
NADIFLOXACIN,21,2024-09,1,2.4,1.7
ATROVASTATIN,21,2024-09,1,2.5,1.7
AUSTELLAZITHROMYCIN,21,2024-09,5,0.5,1.7
CONSUMPTIONMETOPROLOL,21,2024-09,2,2.1,1.7
GEFTINIB,21,2024-09,4,0.7,1.7
PENCILLIN,21,2024-09,0,2.6,1.7
EYEVIR,21,2024-09,3,1.6,1.7
BRIMOLOL,21,2024-09,3,1.0,1.7
COTRIMAZOLE,21,2024-09,6,2.8,1.7
ONDASETRON,21,2024-09,2,2.0,1.7
MINICYCLINE,21,2024-09,1,3.0,1.6
MGTADALAFIL,21,2024-09,0,3.3,1.6
NEOCLOVIR,21,2024-09,1,1.1,1.6
NEOMERCAZOLE,21,2024-09,1,1.8,1.6
OLAPATADINE,21,2024-09,3,0.9,1.6
SECUKINUMAB,21,2024-09,2,1.6,1.6
GONDOTROPIN,21,2024-09,1,2.1,1.6
RUXOLITINIB,21,2024-09,9,0.9,1.6
DEXAMETHSONE,21,2024-09,2,1.9,1.6
SPIRAMYCIN,21,2024-09,6,1.7,1.6
OXACILLIN,21,2024-09,2,1.5,1.6
RAPAMYCIN,21,2024-09,1,0.9,1.6
CONSUMPTIONTRIAMCINOLONE,21,2024-09,1,1.9,1.6
NADOLOL,21,2024-09,0,3.1,1.6
CONSUMPTIONMETRONIDAZOLE,21,2024-09,0,3.3,1.6
CONSUMPTIONOMEPRAZOLE,21,2024-09,0,3.8,1.6
ZUTINIB,21,2024-09,6,0.5,1.6
CONSUMPTIONHYDROCORTISONE,21,2024-09,2,2.3,1.6
INFIMAB,21,2024-09,0,2.7,1.6
CONSUMPTIONAMOXYCILLIN,21,2024-09,1,2.2,1.6
BEVAMAB,21,2024-09,1,1.3,1.5
CONSUMPTIONFOSFOMYCIN,21,2024-09,1,1.2,1.5
PAMIDRONATE,21,2024-09,2,1.8,1.5
OCLACITINIB,21,2024-09,2,1.5,1.5
TEMAZEPAM,21,2024-09,0,1.3,1.5
CONSUMPTIONCYPROHEPTADINE,21,2024-09,0,3.4,1.5
CONSUMPTIONPREDNISOLONE,21,2024-09,1,1.5,1.5
METROPROLOL,21,2024-09,0,0.5,1.5
SOLONE,21,2024-09,1,1.3,1.5
GOODSMETRONIDAZOLE,21,2024-09,3,1.5,1.5
DALTEPARIN,21,2024-09,5,1.4,1.5
CLINIDIPINE,21,2024-09,4,0.9,1.5
BETAMETASONE,21,2024-09,3,2.3,1.5
CONSUMPTIONAMINOPHYLLINE,21,2024-09,1,1.6,1.5
GOLIMUMAB,21,2024-09,3,1.0,1.5
VEDAFIL,21,2024-09,1,1.5,1.5
MAXCILLIN,21,2024-09,2,0.6,1.4
CONSUMPTIONVORICONAZOLE,21,2024-09,1,1.1,1.4
CELOSTATIN,21,2024-09,1,1.0,1.4
SELTAVIR,21,2024-09,7,0.5,1.4
BREXPIPRAZOLE,21,2024-09,0,0.3,1.4
GLOPRIL,21,2024-09,4,1.8,1.4
AKSONE,21,2024-09,0,2.2,1.4
CREAMBETAMETHASONE,21,2024-09,0,1.5,1.4
CONSUMPTIONHEPARIN,21,2024-09,0,1.5,1.4
ARISTOCILLIN,21,2024-09,3,1.3,1.4
CONSUMPTIONVANCOMYCIN,21,2024-09,2,0.8,1.4
EUMOSONE,21,2024-09,3,1.7,1.4
TOCILIZUMAB,21,2024-09,1,0.6,1.4
CONSUMPTIONNIMODIPINE,21,2024-09,1,1.9,1.4
CONSUMPTIONONDANSETRON,21,2024-09,0,0.9,1.4
NIFIDIPINE,21,2024-09,0,2.7,1.4
METHYLEREDNISOLONE,21,2024-09,0,2.8,1.4
METHLYPREDNISOLONE,21,2024-09,5,1.3,1.4
ATEZOLIZUMAB,21,2024-09,1,1.2,1.4
ZIDOLAM,21,2024-09,1,0.8,1.4
AMLOPRIL,21,2024-09,2,0.9,1.3
GAMAKVIR,21,2024-09,1,0.9,1.3
PRILOCAINE,21,2024-09,8,0.6,1.3
ULTRAZOLE,21,2024-09,0,1.3,1.3
ACICLOROVIR,21,2024-09,1,1.5,1.3
RAZUMAB,21,2024-09,1,1.2,1.3
SILDINAFIL,21,2024-09,1,1.0,1.3
COTRIMAXAZOLE,21,2024-09,2,1.3,1.3
CONSUMPTIONCARBIMAZOLE,21,2024-09,0,1.6,1.3
LACIDIPINE,21,2024-09,0,1.3,1.3
BARICITINIB,21,2024-09,2,0.9,1.3
TADAFIL,21,2024-09,0,1.1,1.3
CONSUMPTIONMITOMYCIN,21,2024-09,0,1.6,1.3
CONSUMPTIONGANCICLOVIR,21,2024-09,1,1.1,1.3
CONSUMPTIONKETOCONAZOLE,21,2024-09,0,1.5,1.3
MEDIPRAZOLE,21,2024-09,2,0.6,1.3
CONSUMPTIONLIGNOCAINE,21,2024-09,0,2.0,1.3
MICANAZOLE,21,2024-09,0,1.5,1.3
TINOVIR,21,2024-09,1,0.8,1.3
FLUCANAZOLE,21,2024-09,0,1.7,1.3
MICNAZOLE,21,2024-09,1,1.6,1.3
ASTATIN,21,2024-09,2,0.9,1.3
MEDICINESAZITHROMYCIN,21,2024-09,1,0.7,1.3
CONSUMPTIONESMOLOL,21,2024-09,1,1.1,1.3
OCRELIZUMAB,21,2024-09,0,1.2,1.3
ESOMPERAZOLE,21,2024-09,3,0.5,1.3
ARTICAINE,21,2024-09,0,2.3,1.3
CIPLAFLUCONAZOLE,21,2024-09,10,0.5,1.2
CEFTRISONE,21,2024-09,0,2.5,1.2
BRENTUXIMAB,21,2024-09,2,1.5,1.2
ACTINOMYCIN,21,2024-09,1,0.8,1.2
BISOLOL,21,2024-09,2,1.4,1.2
SPARCAINE,21,2024-09,1,1.7,1.2
ERTHROMYCIN,21,2024-09,1,1.0,1.2
FLURISONE,21,2024-09,2,1.3,1.2
ESOMAPRAZOLE,21,2024-09,1,0.6,1.2
TRINMELIMAB,21,2024-09,2,0.7,1.2
CONSUMPTIONLIDOCAINE,21,2024-09,3,0.9,1.2
NTAMYCIN,21,2024-09,1,0.8,1.2
OLPAVIR,21,2024-09,5,0.4,1.2
MOMENTASONE,21,2024-09,1,1.3,1.2
CONSUMPTIONTOFACITINIB,21,2024-09,0,1.4,1.2
MARBOFLOXACIN,21,2024-09,0,1.2,1.2
CONSUMPTIONAMPICILLIN,21,2024-09,2,1.7,1.2
ACTIMYCIN,21,2024-09,4,0.9,1.2
PHENOXYMETHYLPENCILLIN,21,2024-09,1,1.8,1.2
LETRAZOLE,21,2024-09,1,0.7,1.2
CONSUMPTIONAMANTADINE,21,2024-09,2,1.3,1.2
BIOMYCIN,21,2024-09,1,1.8,1.1
ANDTENOFOVIR,21,2024-09,2,0.3,1.1
GOODSATENOLOL,21,2024-09,2,0.6,1.1
HCLTIMOLOL,21,2024-09,0,2.0,1.1
METHONOLONE,21,2024-09,0,0.7,1.1
ZOFENOPRIL,21,2024-09,0,1.1,1.1
CONSUMPTIONUROFOLLITROPIN,21,2024-09,0,0.6,1.1
CONSUMPTIONDENOSUMAB,21,2024-09,0,1.4,1.1
CONSUMPTIONENOXAPARIN,21,2024-09,4,0.6,1.1
TETRACAINE,21,2024-09,2,0.6,1.1
WITHCYPROHEPTADINE,21,2024-09,2,1.2,1.1
ANTECAVIR,21,2024-09,0,0.6,1.1
AMLOCODIPINE,21,2024-09,1,0.9,1.1
ECOPRIL,21,2024-09,3,0.6,1.1
TROPIN,21,2024-09,2,0.8,1.1
VACLOVIR,21,2024-09,4,0.7,1.1
KETAZOLE,21,2024-09,3,0.2,1.1
CONSUMPTIONBEVACIZUMAB,21,2024-09,0,1.5,1.1
BENZOYLMETRONIDAZOLE,21,2024-09,2,1.6,1.1
TABSEMPAGLIFLOZIN,21,2024-09,0,0.9,1.1
PROCTOCAINE,21,2024-09,1,0.9,1.1
LEPRIL,21,2024-09,5,0.6,1.1
CILOSTAZOLE,21,2024-09,2,0.4,1.1
CONSUMPTIONALBENDAZOLE,21,2024-09,0,1.9,1.1
TABLETSBISOPROLOL,21,2024-09,3,0.8,1.1
MANFORCE,21,2024-09,3,0.9,1.1
CONSUMPTIONDAPAGLIFLOZIN,21,2024-09,0,1.0,1.1
MYOSONE,21,2024-09,2,1.1,1.1
CONSUMPTIONFLUTICASONE,21,2024-09,0,1.5,1.0
OXAZEPAM,21,2024-09,2,0.5,1.0
BECLAMETHASONE,21,2024-09,0,0.8,1.0
FLUCINOLONE,21,2024-09,0,0.4,1.0
MGSILDENAFIL,21,2024-09,0,1.6,1.0
MICROVIR,21,2024-09,0,0.8,1.0
CONSUMPTIONCLOTRIMAZOLE,21,2024-09,0,1.4,1.0
TASONE,21,2024-09,1,0.7,1.0
SOFAMYCIN,21,2024-09,0,0.2,1.0
STANZOLOL,21,2024-09,0,0.5,1.0
DEXAMETASONE,21,2024-09,0,0.9,1.0
AMOXCILLIN,21,2024-09,3,0.7,1.0
ROSCILLIN,21,2024-09,0,1.4,1.0
VALASARTAN,21,2024-09,0,1.2,1.0
ITRAZOLE,21,2024-09,1,1.1,1.0
LEECAINE,21,2024-09,2,0.4,1.0
CONSUMPTIONBISOPROLOL,21,2024-09,0,0.8,1.0
LANSOPARAZOLE,21,2024-09,0,0.7,1.0
TABTADALAFIL,21,2024-09,0,1.2,1.0
OMPERAZOLE,21,2024-09,0,1.4,1.0
PHENOXYMETHLPENICILLIN,21,2024-09,3,0.9,1.0
BETAMETHSONE,21,2024-09,3,0.6,1.0
CLOVIR,21,2024-09,2,0.8,1.0
CIDNAVIR,21,2024-09,1,1.0,1.0
CONSUMPTIONTADALAFIL,21,2024-09,1,0.7,1.0
NORDITROPIN,21,2024-09,0,1.5,1.0
LYMECYCLINE,21,2024-09,3,1.1,1.0
CONSUMPTIONMETHYLPREDNISOLONE,21,2024-09,3,0.9,1.0
NATCLOVIR,21,2024-09,1,1.2,1.0
NAPRIL,21,2024-09,0,0.8,1.0
VESIMYCIN,21,2024-09,0,0.5,0.9
AMEPROLOL,21,2024-09,5,0.6,0.9
ELOSONE,21,2024-09,0,1.1,0.9
ANDFLUTICASONE,21,2024-09,0,0.6,0.9
CAPOMEPRAZOLE,21,2024-09,0,0.7,0.9
REMOGLIFLOZIN,21,2024-09,1,1.1,0.9
EKANGVIR,21,2024-09,1,0.6,0.9
SAMLODIPINE,21,2024-09,3,0.2,0.9
DEMISONE,21,2024-09,0,0.5,0.9
LIDOCAINEPRILOCAINE,21,2024-09,0,1.1,0.9
CONTAINSTRENBOLONE,21,2024-09,0,1.0,0.9
TABVARDENAFIL,21,2024-09,1,1.0,0.9
LISUPRIL,21,2024-09,1,1.0,0.9
LIVOFLOXACIN,21,2024-09,10,0.3,0.9
AZITROMYCIN,21,2024-09,0,1.1,0.9
OXFENDAZOLE,21,2024-09,4,0.9,0.9
CONSUMPTIONMENOTROPIN,21,2024-09,0,1.2,0.9
CONSUMPTIONLEVOBUPIVACAINE,21,2024-09,1,0.6,0.9
TRAMETINIB,21,2024-09,0,0.6,0.9
TRASTMAB,21,2024-09,1,0.7,0.9
METHYLPRDNISOLONE,21,2024-09,0,0.6,0.9
PALNOSETRON,21,2024-09,1,0.4,0.9
CONSUMPTIONENTECAVIR,21,2024-09,0,0.6,0.9
CONSUMPTIONESOMEPRAZOLE,21,2024-09,0,0.8,0.9
CONSUMPTIONIMATINIB,21,2024-09,0,1.2,0.9
TOPICAINE,21,2024-09,1,1.3,0.9
ORDNIDAZOLE,21,2024-09,4,0.6,0.9
MACROMYCIN,21,2024-09,3,0.4,0.9
TABAZITHROMYCIN,21,2024-09,0,0.6,0.9
SUPLHAMETHOXAZOLE,21,2024-09,1,0.3,0.9
PROLOL,21,2024-09,1,0.6,0.9
DELICIUOSSILDENAFIL,21,2024-09,0,1.5,0.9
FORTIVIR,21,2024-09,1,0.6,0.9
INTOVIR,21,2024-09,0,1.0,0.9
CONSUMPTIONAMLODIPINE,21,2024-09,0,1.5,0.9
TAROSONE,21,2024-09,3,1.0,0.8
TEMISARTAN,21,2024-09,0,0.5,0.8
CONSUMPTIONTELMISARTAN,21,2024-09,0,0.8,0.8
MEGAPARIN,21,2024-09,1,0.8,0.8
ODANSETRON,21,2024-09,1,1.0,0.8
TIBOLONE,21,2024-09,0,1.0,0.8
AUROMYCIN,21,2024-09,0,0.7,0.8
THEMICAINE,21,2024-09,0,0.9,0.8
MYLOTINIB,21,2024-09,0,1.1,0.8
CONSUMPTIONRITUXIMAB,21,2024-09,0,0.6,0.8
CONSUMPTIONNIFEDIPINE,21,2024-09,0,1.0,0.8
CORASTATIN,21,2024-09,1,0.8,0.8
PRINDOPRIL,21,2024-09,0,1.0,0.8
CILLIN,21,2024-09,2,1.0,0.8
INTAMAB,21,2024-09,0,0.9,0.8
CLOBETASONE,21,2024-09,2,0.6,0.8
PRENISOLONE,21,2024-09,2,0.6,0.8
PHYLLINE,21,2024-09,0,0.6,0.8
PETAZOLE,21,2024-09,1,0.9,0.8
BESONE,21,2024-09,1,0.8,0.8
READYAZITHROMYCIN,21,2024-09,0,0.9,0.8
RASOMYCIN,21,2024-09,0,0.7,0.8
BPAMLODIPINE,21,2024-09,2,0.5,0.8
CANAZOLE,21,2024-09,1,1.2,0.8
GLOMATINIB,21,2024-09,0,0.7,0.8
BIFONAZOLE,21,2024-09,0,0.8,0.8
GMSILDENAFIL,21,2024-09,0,1.2,0.8
WORMAZOLE,21,2024-09,0,0.6,0.8
ACLOVIR,21,2024-09,3,0.3,0.8
UPADACITINIB,21,2024-09,0,0.1,0.7
EKOVIR,21,2024-09,1,0.8,0.7
CINCHOCAINE,21,2024-09,2,0.2,0.7
ANGISARTAN,21,2024-09,0,0.5,0.7
VAGIMYCIN,21,2024-09,0,0.8,0.7
DERMANEOMYCIN,21,2024-09,0,0.1,0.7
SOSPENISONE,21,2024-09,3,0.8,0.7
DEXAMMETHASONE,21,2024-09,0,0.0,0.7
CONSUMPTIONEMPAGLIFLOZIN,21,2024-09,0,0.6,0.7
AZITHORMYCIN,21,2024-09,0,0.7,0.7
TELMESARTAN,21,2024-09,1,0.7,0.7
LOASARTAN,21,2024-09,0,0.8,0.7
PDSOLONE,21,2024-09,0,1.0,0.7
DERMOSONE,21,2024-09,4,0.5,0.7
TABCIPROFLOXACIN,21,2024-09,0,0.6,0.7
TABSTENOFOVIR,21,2024-09,0,0.6,0.7
CONSUMPTIONBUPIVACAINE,21,2024-09,0,0.8,0.7
CONSUMPTIONARIPIPRAZOLE,21,2024-09,0,0.9,0.7
CONSUMPTIONATORVASTATIN,21,2024-09,0,0.9,0.7
LANSAPRAZOLE,21,2024-09,0,0.4,0.7
COMETRAZOLE,21,2024-09,0,0.2,0.7
CONSUMPTIONLOSARTAN,21,2024-09,0,0.6,0.7
TINDAZOLE,21,2024-09,1,0.5,0.7
DOXCYCLINE,21,2024-09,0,0.6,0.7
CONSUMPTIONLENVATINIB,21,2024-09,0,0.6,0.7
CONSUMPTIONCOTRIMOXAZOLE,21,2024-09,0,0.9,0.7
MIOVIR,21,2024-09,0,0.4,0.7
MEPIVACAINE,21,2024-09,0,0.7,0.7
FLUOXYMESTEROLONE,21,2024-09,0,0.5,0.7
NOXAPARIN,21,2024-09,0,0.6,0.7
CONSUMPTIONRANITIDINE,21,2024-09,0,0.7,0.7
OMIPRAZOLE,21,2024-09,0,0.5,0.7
CONSUMPTIONROSUVASTATIN,21,2024-09,0,0.7,0.7
CORTISONE,21,2024-09,0,0.6,0.7
YASHICLOVIR,21,2024-09,0,0.1,0.6
VALCYCLOVIR,21,2024-09,0,0.4,0.6
INDAPRIL,21,2024-09,0,0.4,0.6
MLMOXIFLOXACIN,21,2024-09,0,0.4,0.6
DROPSCIPROFLOXACIN,21,2024-09,1,0.1,0.6
MGOMEPRAZOLE,21,2024-09,0,0.5,0.6
MGSIDENAFIL,21,2024-09,0,0.3,0.6
AUSTAVIR,21,2024-09,0,0.6,0.6
TRIMCINOLONE,21,2024-09,0,0.7,0.6
IMSTATIN,21,2024-09,0,0.4,0.6
SLIDENAFIL,21,2024-09,0,0.5,0.6
ABPRAZOLE,21,2024-09,0,0.5,0.6
ROZUVASTATIN,21,2024-09,0,0.5,0.6
LOSOPRIL,21,2024-09,0,0.8,0.6
PARACAINE,21,2024-09,0,0.7,0.6
MACAINE,21,2024-09,0,0.7,0.6
CONSUMPTIONDOXYCYCLINE,21,2024-09,0,0.6,0.6
ONAPRIL,21,2024-09,0,0.4,0.6
TABSILDENAFIL,21,2024-09,0,0.7,0.6
ERDAFITINIB,21,2024-09,0,0.1,0.6
CONTAINSSILDENAFIL,21,2024-09,0,0.4,0.6
CYPROHETADINE,21,2024-09,0,0.5,0.6
ENTACAVIR,21,2024-09,0,0.3,0.6
OCUMYCIN,21,2024-09,0,0.6,0.6
CONSUMPTIONMOMETASONE,21,2024-09,0,0.4,0.6
METOLOL,21,2024-09,0,0.7,0.6
CONSUMPTIONLEVOFLOXACIN,21,2024-09,0,0.7,0.6
MGAZITHROMYCIN,21,2024-09,0,0.3,0.5
MGAVANAFIL,21,2024-09,0,0.1,0.5
METAPROLOL,21,2024-09,0,0.4,0.5
MEXAPARIN,21,2024-09,0,0.1,0.5
HUMENOTROPIN,21,2024-09,0,0.1,0.5
ALECTINIB,21,2024-09,0,0.3,0.5
LISNOPRIL,21,2024-09,0,0.3,0.5
CUTISONE,21,2024-09,0,0.4,0.5
YASHIDAZOLE,21,2024-09,0,0.4,0.5
ZIMYCIN,21,2024-09,0,0.1,0.5
AXOVIR,21,2024-09,0,0.4,0.5
NUPARIN,21,2024-09,0,0.1,0.5
TABSSILDENAFIL,21,2024-09,0,0.2,0.5
PREDISOLONE,21,2024-09,0,0.3,0.5
CILNDIPINE,21,2024-09,0,0.3,0.4
ABAZOLE,21,2024-09,0,0.3,0.4
BECAINE,21,2024-09,0,0.2,0.4
INJECTIONBUPIVACAINE,21,2024-09,0,0.2,0.4
KESPRAZOLE,21,2024-09,0,0.1,0.4
TABSAMOXYCILLIN,21,2024-09,0,0.2,0.4
MGDOXYCYCLINE,21,2024-09,0,0.2,0.4
BACLOMETHASONE,21,2024-09,0,0.0,0.4
MGTELMISARTAN,21,2024-09,0,0.1,0.4
INJECTIONLIGNOCAINE,21,2024-09,0,0.0,0.3
