entity,err_a,err_c,winner
ABACAVIR,3.6650340764742566,2.898316295166431,C
ABAZOLE,0.3734727744125243,0.6109276140308332,A
ABCIXIMAB,1.7647057789421963,1.9811185767399966,A
ABPRAZOLE,0.5938241531305131,1.035268589598186,A
ACALABRUTINIB,10.158231251559638,9.318545710185651,C
ACEBROPHYLLINE,0.9574796301500923,0.11837552196279866,C
ACEBUTOLOL,1.3646377850955085,0.43705100731295543,C
ACECLOFENAC,11.374913026388668,9.220096989453253,C
ACETAMINOPHEN,29.838318474949006,27.590250503283016,C
ACICLOROVIR,0.6346477219257789,0.15267182068737428,C
ACICLOVIR,14.816591149211746,15.41839032573165,A
ACIVIR,11.335390844782651,11.909690331721364,A
ACLOVIR,0.789259756722643,0.6748122632140059,C
ACTIMYCIN,0.9490669344705949,1.4302474316638576,A
ACTINOMYCIN,1.239751342739501,0.8532997640435238,C
ACYCLOVIR,5.211127620361282,3.71515701024893,C
ACYLOVIR,0.06643254705748403,0.560415154769276,A
ADALIMUMAB,4.029029024452321,3.497719125876058,C
ADRIAMYCIN,1.67315270339021,1.3264803600007669,C
AFATINIB,5.718133800616059,5.268629910958569,C
AKSONE,0.7694668226417192,0.5422864593901533,C
ALBENDAZOLE,0.6418633756288159,1.771044678953814,A
ALECTINIB,0.32043953816266113,0.6717347698905533,A
ALENDRONATE,10.980976655422296,9.922222130946892,C
ALPRAZOLAM,0.9758562758622773,3.7519218216240127,A
ALSARTAN,0.995355883088509,1.6352081980427808,A
AMANTADINE,1.605279458018419,0.2915454378223501,C
AMEPROLOL,0.5747943955155361,1.2017457637334992,A
AMETHOCAINE,8.006271907941171,6.726741467618716,C
AMINOPHYLLINE,9.029494688636483,9.642281145528269,A
AMLOCODIPINE,2.220446049250313e-16,0.11083507485958921,A
AMLODIPINE,24.57325903829644,23.046223566819663,C
AMLOPRIL,0.08760693678589426,0.41960785882619067,A
AMLOXICILLIN,1.5765185842912777,2.3322366472099896,A
AMOXCILLIN,0.670669315850867,1.10222751824482,A
AMOXCYCILLIN,17.705391362058933,14.850693006457595,C
AMOXICILLIN,69.15431743182239,68.56870195917077,C
AMOXYCILLIN,43.91713793461929,41.54053232931176,C
AMPICILLIN,8.852130221738747,11.398030611768291,A
ANASTRAZOLE,5.039481466699838,7.303096522953286,A
ANAZOLE,0.5493223927064594,0.10980107494272584,C
ANDBETAMETHASONE,5.971582838041555,5.18774724118248,C
ANDCLOXACILLIN,4.088840608957056,3.7554036043175643,C
ANDFLUTICASONE,2.3544920323957843,2.098062622227698,C
ANDTENOFOVIR,0.2649629067059915,0.4892034540451665,A
ANGISARTAN,1.444926334997412,1.1830912620122214,C
ANTECAVIR,3.565697724774701,3.431631946792628,C
ANZAVIR,0.7334504906089414,0.043943538156681505,C
APCALIS,4.1420301186835005,6.326726759060321,A
APRAZOLE,0.26526832469333606,0.9700701331420727,A
ARIPIPRAZOLE,31.701603780316333,32.01274968146603,A
ARISTOCILLIN,0.45127181430783825,0.8152194506205057,A
ARORVASTATIN,6.484249650638816,6.903288062457971,A
ARTICAINE,1.946636960753219,2.877692180862854,A
ASHWAGANDHA,0.8996275908238829,1.0387206417688333,A
ASITOMYCIN,4.9087961072473085,3.32030474715196,C
ASPIRIN,16.022675145494787,13.888750193849319,C
ASTATIN,0.0019480921360113257,0.5780923456424805,A
ATAZANAVIR,7.923357624975113,9.829167430803041,A
ATENOLOL,11.079908863767713,12.544697032068726,A
ATEZOLIZUMAB,0.4679215950984963,0.20922055085567015,C
ATORVASTATIN,43.01755783154408,30.13686960294308,C
ATROPIN,0.8645016151360867,1.631796804647073,A
ATROVASTATIN,0.2471168805356796,0.8148507643203424,A
AUROCAINE,7.765023672252649,6.9300646468314255,C
AUROMYCIN,1.278243727491314,0.9369038650164403,C
AUSTAVIR,0.7474687477195303,1.0833670101103023,A
AUSTELLAZITHROMYCIN,2.6176554568950916,2.328341450976101,C
AVANAFIL,5.7721023705480405,5.088801834757433,C
AXALINE,7.425326713028507,11.5140682234085,A
AXITINIB,5.064408768523712,4.006205624435145,C
AXOVIR,0.44755954966575234,0.6069583169531919,A
AZACITADINE,2.509554287446,3.3280862811916823,A
AZACITIDINE,7.439272366234647,6.181397594785167,C
AZILSARTAN,0.3161690575312619,1.2345571883314053,A
AZITHORMYCIN,0.6559188159686686,0.9646719990286005,A
AZITHROMYCIN,86.2007883042196,84.35650541470659,C
AZITROMYCIN,0.8473948722220781,0.4633011794967836,C
BACLOMETHASONE,0.0,0.0,A
BARICITINIB,1.9697511295595254,1.580921429277861,C
BECAINE,0.22194730682971006,0.6139503177021909,A
BECLAMETHASONE,1.150665651977156,0.6414059126084566,C
BECLOMETASONE,8.504401633750557,3.6872641150668173,C
BECLOMETHASONE,5.164254896235732,4.619606060319981,C
BENAZEPRIL,3.856631867758093,1.3641624388015892,C
BENZOCAINE,17.5062103858683,19.346395767489145,A
BENZOYLMETRONIDAZOLE,1.24139565319205,1.7066735930924566,A
BENZYLPENICILLIN,3.937531735153339,4.565723353561017,A
BESIFLOXACIN,1.3837762948485834,0.9736732105756754,C
BESONE,0.6728593753496073,1.0210664025045533,A
BETADINE,16.268942130418225,14.707243315642415,C
BETAMETASONE,2.3451286591510336,2.9015402379981965,A
BETAMETHASONE,90.59401305182334,87.13596539979389,C
BETAMETHSONE,0.7750888399075051,1.0882873712372536,A
BETAXOLOL,1.0090341246527643,0.38629088432333347,C
BETHAMETHASONE,0.5827911003747559,1.0081848100986388,A
BEVACIZUMAB,30.956902501830207,30.281536400179085,C
BEVAMAB,1.5544677556292483,0.8988178558616373,C
BICTEGRAVIR,2.7651882811277595,1.5449223291846863,C
BIFONAZOLE,0.09386233497814667,0.15900584512850036,A
BIODRONATE,0.12191845818459957,0.7867868931659059,A
BIOMYCIN,1.9016576213517618,2.377213425052363,A
BIOTIN,2.8372908728917388,1.9848832983942746,C
BISOLOL,0.4816443947039235,1.0850089996314956,A
BISOPROLOL,17.039886421042894,15.319650242487086,C
BLEOMYCIN,4.128632004718831,4.584658528601743,A
BOSUTINIB,7.814384927558702,7.068564157247546,C
BPAMLODIPINE,0.4040233551535356,0.678793451204713,A
BRENTUXIMAB,1.0207535359859552,1.4134687865131583,A
BREXPIPRAZOLE,8.0,8.0,A
BRIMOLOL,0.21001984925486195,0.14792219641883908,C
BUDESONIDE,43.78548432514202,42.048530486286836,C
BUPIVACAINE,3.3882733726590715,1.2632904272446694,C
CABOZANTINIB,9.600503609926633,8.067918371312679,C
CAFFEINE,16.69855804443376,21.541964575657033,A
CAMPHOR,3.06719767824492,2.542025744531685,C
CAMPICILLIN,3.511096696262104,3.7944255612312148,A
CANAGLIFLOZIN,5.034817954090592,5.637739037560799,A
CANAZOLE,1.0740855958762108,1.8890507800311693,A
CANDESARTAN,2.1930181442268832,5.989730896612983,A
CANMAB,6.345060901919141,5.7192425677131205,C
CAPOMEPRAZOLE,4.0,4.0,A
CAPTOPRIL,6.086835460031953,5.6359835742249835,C
CARBAMAZEPINE,21.410080201758632,20.312842178413234,C
CARBIMAZOLE,7.488899541199231,5.397831302207678,C
CAVERTA,3.299040399897507,4.938860521869898,A
CEFIXIME,41.48442998137642,36.61990004109481,C
CEFTRIAXONE,17.597191073285785,13.021694460013407,C
CEFTRISONE,2.5431645880794265,4.17521586324443,A
CELOSTATIN,1.0070163967364536,0.4234489140384572,C
CENFORCE,52.39047642764581,60.48904572584968,A
CETIRIZINE,7.684481508567416,4.521348511537582,C
CETUXIMAB,1.321706394926876,0.7987924833140125,C
CHONDROITIN,4.836317014654325,3.8335975058420697,C
CHORIOGONADOTROPIN,2.302431236881344,1.245323060495648,C
CIDNAVIR,0.8745422510333638,1.1473019184075615,A
CIDOFOVIR,0.10506877403307158,0.7358770679639646,A
CILASTATIN,13.913381933451536,11.81602938323648,C
CILLIN,1.028344232793644,1.4788016564725996,A
CILNDIPINE,0.26600225296474234,0.5470919481950492,A
CILNIDIPINE,2.0093843544613357,0.7714481902730803,C
CILOSTAZOLE,2.712602040868524,2.5113922723852333,C
CIMETIDINE,4.505201814134434,5.098746189488505,A
CINCHOCAINE,0.14329903228638308,0.19706898773974535,A
CIPLAFLUCONAZOLE,0.4016688896172552,0.7063953235910505,A
CIPRIL,5.4725878309386236,4.414461284828941,C
CIPROFLOXACIN,26.6839324881081,27.614198460654052,A
CIZUMAB,4.512322065902772,3.0760195708783797,C
CLARITHROMYCIN,17.724748848411906,18.719995320777244,A
CLINDAMYCIN,6.958629684039636,7.4492020956218425,A
CLINIDIPINE,1.2410691425388998,0.898052442922527,C
CLOBETASONE,0.4489547517055656,0.6695266345899249,A
CLOCIVIR,0.11733199173088682,0.425733404600491,A
CLONAZEPAM,1.886056370911323,0.13174214037340448,C
CLOPIDOGREL,32.55630341684915,29.467837335613382,C
CLOTRIMAZOLE,36.34776633740876,31.34341001158839,C
CLOVIR,0.9418142034507748,1.3542475471170754,A
CLOXACILLIN,20.237071773867754,17.298220356510043,C
CLOZAPINE,0.07157069695092844,2.969157134270766,A
COLLAGEN,18.419453099224967,17.270831798809496,C
COMBOVIR,6.988841538211972,6.361678035852205,C
COMETRAZOLE,1.857090701969937,1.772290360743709,C
CONSUMPTIONACICLOVIR,2.0318481206123775,0.887777317777533,C
CONSUMPTIONALBENDAZOLE,2.080879872684027,2.597472889254118,A
CONSUMPTIONAMANTADINE,0.4508170990250573,0.8806935235741229,A
CONSUMPTIONAMINOPHYLLINE,0.41155849141088385,0.13427323193256324,C
CONSUMPTIONAMLODIPINE,1.4518301672115697,1.8013028010345709,A
CONSUMPTIONAMOXICILLIN,6.577608484232428,7.325999560247379,A
CONSUMPTIONAMOXYCILLIN,0.04665462398308362,0.4597358388548698,A
CONSUMPTIONAMPICILLIN,1.4780449973408456,1.9808233638346089,A
CONSUMPTIONARIPIPRAZOLE,0.016807996880737308,0.2612726110568764,A
CONSUMPTIONATORVASTATIN,1.0303395259461188,1.4208662304285684,A
CONSUMPTIONAZITHROMYCIN,0.7913955180909991,0.4243358247100679,C
CONSUMPTIONBEVACIZUMAB,0.4740157867897894,0.17755379462180576,C
CONSUMPTIONBISOPROLOL,1.8028605788472953,0.52243440082046,C
CONSUMPTIONBUPIVACAINE,1.4386626915665355,2.3208685156813833,A
CONSUMPTIONCARBIMAZOLE,0.6427666056941979,0.17005230088825618,C
CONSUMPTIONCIPROFLOXACIN,1.660724623447841,0.9654231426752755,C
CONSUMPTIONCLINDAMYCIN,0.5284611762456968,1.1488265824193449,A
CONSUMPTIONCLOTRIMAZOLE,0.6926090944941974,0.18509699663528,C
CONSUMPTIONCOTRIMOXAZOLE,0.9259922832801093,1.3063057405219434,A
CONSUMPTIONCYPROHEPTADINE,3.600136665389809,5.12605590954955,A
CONSUMPTIONDACTINOMYCIN,1.7068812158704088,1.3676063865146784,C
CONSUMPTIONDAPAGLIFLOZIN,2.9822037770556,2.693977128445233,C
CONSUMPTIONDENOSUMAB,1.579209105179745,2.1079365538716837,A
CONSUMPTIONDEXAMETHASONE,0.044907188870129566,1.3284586273087537,A
CONSUMPTIONDOXYCYCLINE,0.7019386722791661,1.039611864814015,A
CONSUMPTIONEMPAGLIFLOZIN,0.8711074586087391,1.3364488419150973,A
CONSUMPTIONENOXAPARIN,0.46443032980543153,0.051529955671219874,C
CONSUMPTIONENTECAVIR,1.3900880530642876,1.1129973394439454,C
CONSUMPTIONESMOLOL,1.0339444658889299,0.5330603949110699,C
CONSUMPTIONESOMEPRAZOLE,1.2970943573495024,0.8864272107969622,C
CONSUMPTIONFLUTICASONE,0.8678324518789031,1.486517974532573,A
CONSUMPTIONFOSFOMYCIN,1.7780762457219663,1.487652605591429,C
CONSUMPTIONGANCICLOVIR,1.01334310534613,0.7621296084478568,C
CONSUMPTIONHEPARIN,1.6814007417919306,1.3773821470625534,C
CONSUMPTIONHYDROCORTISONE,1.8920758182533532,2.3123068781592817,A
CONSUMPTIONIMATINIB,0.5292421421180444,1.255100409424133,A
CONSUMPTIONKETOCONAZOLE,0.4016603132602974,0.47467139343140907,A
CONSUMPTIONLENVATINIB,0.33428278181111515,0.08974206815102082,C
CONSUMPTIONLEVOBUPIVACAINE,0.35770057576644576,0.07170943848796785,C
CONSUMPTIONLEVOFLOXACIN,0.7509289508729879,1.1375441625237972,A
CONSUMPTIONLIDOCAINE,0.018827122016891185,0.5971493266004673,A
CONSUMPTIONLIGNOCAINE,0.1282108866535161,0.9882497677944251,A
CONSUMPTIONLOSARTAN,0.5300649811908518,1.0254400328374975,A
CONSUMPTIONMENOTROPIN,1.362018963718206,2.115544248400352,A
CONSUMPTIONMETHYLPREDNISOLONE,0.8243187212232914,1.1411005301203283,A
CONSUMPTIONMETOPROLOL,0.5517874971473535,0.1293127090767996,C
CONSUMPTIONMETRONIDAZOLE,2.831742940775266,3.5737346958136946,A
CONSUMPTIONMITOMYCIN,0.5740760644030352,0.18496719666854222,C
CONSUMPTIONMOMETASONE,0.502199847873017,0.01212130052198801,C
CONSUMPTIONNIFEDIPINE,1.367281867252915,1.9753940464257782,A
CONSUMPTIONNIMODIPINE,1.2474563782498618,1.8229447882774519,A
CONSUMPTIONOMEPRAZOLE,4.462554909539873,5.442369685681822,A
CONSUMPTIONONDANSETRON,6.2175901251679235,5.798776474851047,C
CONSUMPTIONPREDNISOLONE,1.118101173315727,0.5241784644807641,C
CONSUMPTIONRANITIDINE,0.13757726309814067,0.22926926376291656,A
CONSUMPTIONRITUXIMAB,0.30158328728946704,0.44262681714265795,A
CONSUMPTIONROSUVASTATIN,0.7205502604750573,1.169370032556429,A
CONSUMPTIONSILDENAFIL,0.8749172475280718,2.1259202057655147,A
CONSUMPTIONTADALAFIL,0.1604533722789614,0.34858006404159814,A
CONSUMPTIONTELMISARTAN,1.4033860893910561,0.4175858467125668,C
CONSUMPTIONTENOFOVIR,2.4107237559108183,3.1491189005003815,A
CONSUMPTIONTOFACITINIB,0.8736751536317433,0.63496953191407,C
CONSUMPTIONTRIAMCINOLONE,0.9346277466506088,0.2946336909222764,C
CONSUMPTIONUROFOLLITROPIN,3.6279457152076464,3.470447824713399,C
CONSUMPTIONVANCOMYCIN,1.2290920181450753,0.6204702355870082,C
CONSUMPTIONVORICONAZOLE,0.9371931245744172,0.6920687460645951,C
CONTAINSSILDENAFIL,0.38837841560986064,0.5273985893839539,A
CONTAINSTRENBOLONE,1.6365421660958699,2.373740154318998,A
CORASTATIN,0.8020005028331239,1.0999604984165892,A
COROVIR,4.6147777756458535,3.5892067470634075,C
CORTECYCLINE,0.7302591096221178,1.122903288619133,A
CORTISONE,0.3167189034440472,0.0256511540699913,C
COTRIMAXAZOLE,0.15763466889739153,0.7954049590415315,A
COTRIMAZOLE,2.9938745378410085,5.528530709868914,A
COTRIMOXAZOLE,5.726900992886193,4.716808482008943,C
COTROPIN,0.1925364265659275,0.34724658155072907,A
CREAMBETAMETHASONE,2.2898225267136176,1.5994621568989418,C
CRONIVIR,8.502799710892235,7.990728527577072,C
CURCUMIN,0.6560989021515571,0.5337897650949177,C
CUTISONE,0.5826143535256698,0.25085752658744287,C
CYNOMYCIN,3.343151786473003,4.23396750350204,A
CYPROHEPTADINE,7.863340248323652,6.231802950882923,C
CYPROHETADINE,0.5611027031779017,1.1782110250032554,A
DACLATASVIR,6.468197476633209,5.8584250806443166,C
DACTINOMYCIN,6.718578037601972,7.511488402508775,A
DALTEPARIN,1.5877574223984556,1.9231019792858346,A
DAPAGLIFLOZIN,49.40658532892925,45.28239283776682,C
DAPOXETINE,25.821437651374254,25.473844844097172,C
DAPSONE,39.75272917920273,34.83679251071281,C
DAPTOMYCIN,11.477856882254205,10.01048661406394,C
DARATUMUMAB,11.944657522686173,10.187352835917451,C
DARUNAVIR,2.8427540830846816,4.2614845786051845,A
DASAMOOLAM,1.3333974602931153,0.6748552481862866,C
DASATINIB,7.9760240138070415,7.370059410921169,C
DELICIUOSSILDENAFIL,1.8880174026663692,3.266918553304528,A
DEMISONE,4.440637836389852,4.1865018966165914,C
DENOSUMAB,19.105637389679597,17.497366286086617,C
DERMANEOMYCIN,0.0,0.0,A
DERMAZOLE,5.659840395852889,6.529717637275059,A
DERMOSONE,0.5322683123879737,0.8232589422709351,A
DESLORATADINE,7.153287459654948,7.125833831847075,C
DESLORATIDINE,2.066964808988966,0.42656913469890245,C
DESOXIMETASONE,1.091302483696623,0.5160052694461656,C
DEXAMETASONE,1.220670927642579,0.9923680260758654,C
DEXAMETHASONE,24.910361990818615,21.199654834785065,C
DEXAMETHOSONE,15.780158952122191,14.186073411942218,C
DEXAMETHSONE,1.1398251879484649,0.5393989776804657,C
DEXAMMETHASONE,5.807958118759267,5.69235503314181,C
DEXASONE,0.05224693153963145,1.0648339873485302,A
DEXLANSOPRAZOLE,7.44821248246069,7.794605916420338,A
DEXRABEPRAZOLE,1.4554752948598417,0.7163707096919589,C
DIAZEPAM,9.183720489489236,8.749632546129678,C
DIAZOLE,2.581479309574818,1.4072361050704183,C
DICLOFENAC,50.80955655172579,51.95533787912325,A
DICLOXACILLIN,5.8627326316309,3.88572442752079,C
DOLUTEGRAVIR,5.355337434035235,0.897508860038684,C
DOMPERIDONE,4.533832047678189,4.1786515399800805,C
DONEPEZIL,26.895698888086685,25.89734140130409,C
DOXCYCLINE,0.5580795970910759,0.845176557049267,A
DOXYCYCLINE,14.771490880781215,11.715167308875039,C
DROPSCIPROFLOXACIN,0.04844543894684117,0.07093785823705179,A
DROSTANOLONE,9.87974580302658,10.967183987553685,A
DROSTENOLONE,2.7196442588232292,1.4223847298994468,C
DROSTOLONE,3.2415249947355,2.864778730983409,C
DULOXETINE,21.009182756509745,15.616519448896668,C
DUOVIR,1.0512807542882552,0.1880123489374892,C
ECONAZOLE,2.572436915527237,1.2901101859149406,C
ECOPRIL,1.262667434845735,0.892278253877933,C
EFAVIR,2.0105769982187853,2.5344296079574757,A
EKANGVIR,0.37004361320432144,0.176235741797083,C
EKOVIR,0.6399553352316012,1.0805535345697879,A
ELOSONE,0.19124236068446576,0.8503398135392304,A
EMPAGLIFLOZIN,2.2639253786155678,2.309319505888908,A
EMPLAGLIFLOZIN,3.0556287795142847,2.6108268427602184,C
ENALAPRIL,15.860724467109804,11.240186463471588,C
ENAPRIL,0.9082564236144712,0.11919392188331912,C
ENOXAPARIN,3.114869396900204,3.808129606733587,A
ENROFLOXACIN,3.584726798702894,4.737467622320885,A
ENTACAVIR,0.2789109163998198,0.4507444859291988,A
ENTAVIR,3.501112678419208,4.648354422652909,A
ENTECAVIR,6.7360160386592725,5.031064784997287,C
EPERISONE,0.722371250068472,1.128456597518075,A
ERDAFITINIB,0.0,0.0,A
ERLOTINIB,6.503186858085627,6.269463514605251,C
ERTHROMYCIN,0.11346690071522025,0.3792218845665405,A
ERYTHROMYCIN,27.519567225524952,26.74567913511811,C
ESCITALOPRAM,56.05445684962632,52.808566767586,C
ESMOLOL,9.804740966903806,8.474898320317811,C
ESOMAPRAZOLE,2.371958654618834,1.8232036256998991,C
ESOMEPRAZOLE,11.363781964483337,16.372889957473035,A
ESOMPERAZOLE,1.6264503130819559,0.9746779786481852,C
ESTRADIOL,24.05368588554498,26.506875705584207,A
ETOPHYLLINE,1.9619354692619737,3.068747737223891,A
EUCALYPTUS,0.655994032193636,1.6388959383185089,A
EUMOSONE,0.9113505049132766,1.6782548169340976,A
EUTROPIN,0.3760852244604571,0.5882433440956163,A
EYEVIR,0.9187675713796963,0.8182554600194689,C
FAMCICLOVIR,5.234239087586268,4.155193212860197,C
FAMOTIDINE,30.9215702224121,28.688570739964376,C
FEBENDAZOLE,2.98764337042123,3.8584330006688425,A
FELIMAZOLE,3.546123958733212,1.7134481020534342,C
FELODIPINE,1.07466491602578,0.16809941054942357,C
FENBENDAZOLE,16.838735573548743,13.591408451052214,C
FEXOFENADINE,21.796479652312428,24.886239569182266,A
FILDENA,40.53799575791973,39.49796442956708,C
FLUCANAZOLE,0.31478107683586787,0.0028472946545750055,C
FLUCINOLONE,3.627849745848535,3.39087434266432,C
FLUCLOXACILLIN,39.07532736974197,37.47846990285969,C
FLUCONAZOLE,33.667433115332415,31.338243318014122,C
FLUDROCORTISONE,9.812985066122273,9.385657356712937,C
FLUOCINOLONE,6.148259505724525,6.643675088252223,A
FLUOROMETHOLONE,2.084598312946129,1.1512146601760396,C
FLUOXYMESTEROLONE,0.5165044207583516,0.3078883340884542,C
FLURISONE,0.5021938496690024,0.9358609348622935,A
FLUROMETHOLONE,1.873182012500743,1.442008159818204,C
FLUTICASONE,12.29356965991201,14.873143467434204,A
FLUVASTATIN,2.038641140491979,0.7490482798585241,C
FLUVIR,2.4628749236854652,4.153826295101133,A
FOLLITROPIN,6.6111388384066165,6.450507546174454,C
FORMOTEROL,21.270831594487987,18.645795376530515,C
FORTIVIR,0.4939229483391886,0.7748554975685233,A
FOSFOMYCIN,0.4839421111982496,2.5367699490765467,A
FOSINOPRIL,1.2949961929978535,3.3451709308160424,A
FUROSEMIDE,43.610842789772136,41.05590571575141,C
GABAPENTIN,1.7731461544350395,3.886892799242844,A
GAMAKVIR,1.1309137209341413,0.9668418898299971,C
GANCICLOVIR,3.4429455703829603,2.5223081990243372,C
GATIFLOXACIN,1.957381601893525,2.8660377646066415,A
GEFITINIB,1.7332014847788688,1.433860571135341,C
GEFTINIB,2.1720172151461266,1.8733653200411344,C
GELCLINDAMYCIN,4.095097534168885,5.306866590282933,A
GENOTROPIN,8.84513382267572,10.339309926662619,A
GENTAMYCIN,6.386645366595374,6.6950103225997,A
GLIMEPIRIDE,3.6761770707733348,5.134843343434412,A
GLOMATINIB,0.7024020133343036,1.1043426764140174,A
GLOPRIL,0.8791238393240439,1.7273867203066526,A
GLUCOSAMINE,7.217020272828027,6.221467126560739,C
GMSILDENAFIL,0.39520939201849803,0.9568093223103138,A
GOLIMUMAB,1.0367436462276105,0.4996069055282426,C
GONADOTROPIN,2.4053643597660788,3.5068208699009666,A
GONDOTROPIN,0.13251979247741508,0.5491643713257592,A
GOODSATENOLOL,0.08893644964125724,0.6880655365442165,A
GOODSENALAPRIL,2.206802597337169,1.9907985976985398,C
GOODSMETRONIDAZOLE,0.831815334507851,0.6991496682244345,C
GRANISETRON,0.5297253055609765,0.26850130775059533,C
HCLTIMOLOL,2.1297496035430603,2.7431603188129112,A
HEPARIN,27.392191351562303,22.003328165660946,C
HISONE,5.851203299218973,5.628997409845894,C
HISTIDINE,3.770183712384988,3.2396221604981976,C
HUMENOTROPIN,0.2986791825522369,0.4294235329645109,A
HYDROCORTISONE,77.50146821952839,75.29399148231863,C
IBANDRONATE,2.570535299900996,2.477131493659373,C
IBRUTINIB,9.368101905414832,8.000491387524516,C
IBUPROFEN,63.50735283480071,61.8710265176029,C
IMATINIB,1.9807070624613488,2.2833096479859734,A
IMSTATIN,0.561099206548094,0.953779642301602,A
INDAPRIL,0.422992739002698,0.7596919684898177,A
INFIMAB,0.5524144194038594,1.0544336568688037,A
INFLIXIMAB,3.5570616208901056,4.540073917373749,A
INJECTIONBUPIVACAINE,0.21596943087775833,0.34429958849646,A
INJECTIONLIGNOCAINE,0.08508992744590275,0.12305798674327595,A
INSULIN,18.287912560985205,16.710656414287897,C
INTACAINE,7.144172871983641,5.676529807345338,C
INTAMAB,0.026933943075273525,0.24861338406401523,A
INTOVIR,0.9895407623756283,0.5176482986580535,C
IRBESARTAN,34.444341199751264,37.62352611292792,A
ITRACONAZOLE,25.55801812912624,24.604967125709976,C
ITRAZOLE,0.6553812982679457,1.0414365858275205,A
JOVASTATIN,3.009541296385951,2.3339764449796614,C
KAMAGRA,320.63478417195904,321.41298777178054,A
KESPRAZOLE,0.0,0.0,A
KETACONAZOLE,4.936668312787252,3.752894914594245,C
KETAZOLE,0.26567595615234413,0.3676483990689501,A
KETOCONAZOLE,22.045007442273857,20.081847902889166,C
KETOKONAZOLE,2.3856384045777794,2.1725860433007256,C
LACIDIPINE,1.6010892974532553,1.111980601198713,C
LAMIVIR,0.042481659959574536,0.35525370219704033,A
LANSAPRAZOLE,1.678287781941358,1.3262730124355584,C
LANSOPARAZOLE,2.3965203796077157,2.156430754513031,C
LANSOPRAZOLE,14.258364534255278,14.922428197592609,A
LAPATINIB,3.3773136928010867,4.309069225081942,A
LEDIPASVIR,2.485626015748595,2.69489088773131,A
LEECAINE,1.6113953200942588,1.4602068837973992,C
LENVATINIB,4.886274594880746,6.749669959314005,A
LEPRIL,0.9883578594217182,1.8172307200487723,A
LERCANIDIPINE,0.33881467818252275,3.09981825770506,A
LETRAZOLE,2.2888837013373227,2.055756367345666,C
LEVETIRACETAM,16.20594107946596,16.110886044256404,C
LEVOBUPIVACAINE,0.2557446897644189,1.594132344804919,A
LEVOFLOXACIN,10.326562524959144,10.7076993113956,A
LEVOTHYROXINE,47.01325993394025,47.21904057502349,A
LIDOCAINE,19.413803984193777,21.04989667823321,A
LIDOCAINEPRILOCAINE,1.5520116881147188,2.256381392059564,A
LIGNOCAINE,46.18118635979516,41.764137540262155,C
LINAGLIPTIN,0.09361272511731755,0.1030525343180102,A
LINCOMYCIN,4.61579471430062,5.680519220568177,A
LINEZOLID,4.0086421069314895,4.5702677072867175,A
LIPRIL,13.435644595402195,14.738654885045143,A
LISINOPRIL,3.6933644097508704,6.848013298347567,A
LISNOPRIL,0.33218613531787683,0.6700850011846692,A
LISUPRIL,0.839089555611918,1.6533911543228925,A
LIVOFLOXACIN,0.14398647826320765,0.19745038608638313,A
LOASARTAN,0.8497763171871504,1.628557464318126,A
LOPINAVIR,7.491198190466992,10.186069109959025,A
LORATADINE,1.3869986099302025,2.3775031621377565,A
LORATIDINE,3.376234891111844,3.0275856332509754,C
LORAZEPAM,2.0979470862256875,2.633885095315175,A
LOSARTAN,52.427737934662275,52.968592737035294,A
LOSOPRIL,0.8830526790998241,1.4278260232160702,A
LOVASTATIN,0.7470990737971643,1.7978031913630872,A
LULICONAZOLE,5.55717402245601,4.637582624035378,C
LUSTATIN,2.9423791204260725,6.0514443528702,A
LYMECYCLINE,0.9743527129113871,1.545514582288913,A
MACAINE,0.9467234822031287,1.4429918594405697,A
MACROMYCIN,0.3026483539367256,0.4395499030647819,A
MALEGRA,48.56680683533598,46.86610554177922,C
MANFORCE,1.0093298983270858,1.2796741997723307,A
MANIDIPINE,4.8109554973179325,3.7552659531446366,C
MARBOFLOXACIN,1.7239133720464408,1.2313715680869475,C
MAXCILLIN,5.453253733867119,4.722110088820444,C
MCOSVIR,12.64314907185305,10.554191649616406,C
MEBENDAZOLE,42.18422186045396,38.46793213253413,C
MEDICINESAZITHROMYCIN,3.327541565666892,3.0485440051425066,C
MEDICINESSIMVASTATIN,6.433890774468157,5.91351453246557,C
MEDIPRAZOLE,3.5091086296019105,3.031437965965228,C
MEDOPRIL,3.6692799457586376,2.843272290460485,C
MEFENAMIC,16.126258697661953,15.884470103195461,C
MEGAPARIN,0.6294302425746454,1.260742710381283,A
MELATONIN,29.11108827687182,26.97121508731061,C
MENOTROPIN,12.657416152687453,11.18966319449467,C
MENTHOL,9.008278724509665,9.247313083626295,A
MEPIVACAINE,0.7617592218419436,1.6146314256882535,A
MERCAZOLE,2.1056871653125135,1.6700825077757067,C
MEROPENEM,6.0420590156578555,5.854860922549079,C
MESTEROLONE,0.18516931244913692,0.12246014942884642,C
METAPROLOL,0.6959209383177452,1.6314120578223597,A
METFORMIN,16.245821424489918,14.589583624132274,C
METHENOLONE,3.43704851941202,3.443810404652325,A
METHIMAZOLE,13.595870832018896,12.651095688592214,C
METHLYPREDNISOLONE,0.08509691154095966,0.6806191940627289,A
METHONOLONE,2.4015878179839003,1.9982897807907631,C
METHYLCOBALAMIN,3.224161911900474,4.30669733718036,A
METHYLEREDNISOLONE,2.131781090754669,2.3989929518443263,A
METHYLPRDNISOLONE,2.532565839612351,1.9093967654366386,C
METHYLPREDNISOLONE,19.296992031260928,18.266897465767443,C
METHYPREDNISOLONE,1.8417514282841436,2.91319868023301,A
METOLOL,0.7645821176641361,1.3717249217248262,A
METOPROLOL,8.915469480576576,8.130069466501311,C
METRONIDAZOLE,25.21959219184953,22.538264460116977,C
METROPROLOL,7.678287781941358,7.5710768677528915,C
MEXAPARIN,0.24704051092220394,0.3229092720149004,A
MGAVANAFIL,0.1337696996446023,0.18492155329973214,A
MGAZITHROMYCIN,0.3978323295706758,0.6711444841951085,A
MGDAPAGLIFLOZIN,5.261616523019153,3.9871358272650266,C
MGDOXYCYCLINE,0.19319080755926302,0.3085643005781233,A
MGOMEPRAZOLE,0.397113562464122,0.43184842722781647,A
MGSIDENAFIL,0.4094859563623746,0.5722677853809612,A
MGSILDENAFIL,2.014933339412998,8.527572341098155,A
MGTADALAFIL,2.6252050552467665,7.058015761612204,A
MGTELMISARTAN,0.08840863868936104,0.12424794960364775,A
MICANAZOLE,0.6118993606934455,0.06214803544174585,C
MICNAZOLE,0.7504957116600472,1.2502509403809112,A
MICOCYCLINE,3.251290311420366,3.2085611023202283,C
MICONAZOLE,32.26577867366119,30.078197007332903,C
MICROVIR,1.3514658917519615,0.9562508445250701,C
MIDAZOLAM,7.337118706472243,5.466793047006828,C
MINICYCLINE,2.5323527205443717,4.3481779907601865,A
MINOCYCLINE,1.508920919144682,3.4272355506225054,A
MIOVIR,1.4991929025610624,1.271398022707369,C
MIRTAZAPINE,64.63735098647143,58.55432315191767,C
MITOMYCIN,4.6210091647766305,5.057639942354548,A
MLMOXIFLOXACIN,0.6222206056283832,0.40082493343113434,C
MNOPHYLLINE,3.18270301890323,2.8444609093664406,C
MODAFIL,4.284204825807528,3.2567444681435234,C
MOLNUPIRAVIR,4.205624449950728,2.7649481866103276,C
MOMENTASONE,0.565093160595092,1.2133841157356855,A
MOMETASONE,52.0267036103121,51.35949099628684,C
MONTELUKAST,33.17511937570288,32.26937142756529,C
MOROVIR,4.843590316562387,4.566701436001182,C
MOXIFLOXACIN,17.314454680509172,15.319429255131496,C
MUCAINE,3.7146626852313887,2.892821463054528,C
MYLOTINIB,0.1654174460373743,0.5651622966935301,A
MYOSONE,1.1489025485525297,1.7284606201872263,A
NADIFLOXACIN,0.43718771675135537,1.2210704344669336,A
NADOLOL,3.259996366808921,4.410852853220004,A
NAMCOMYCIN,5.483738014956662,4.722006288956438,C
NANDROLONE,6.690000389695939,6.814560408400467,A
NAPRIL,2.3321193138471195,2.0357955743585823,C
NAPROXEN,45.58164271905912,41.79069975011279,C
NATAMYCIN,1.6729855573217876,0.8729187455495548,C
NATCLOVIR,1.16355662018632,1.5644830199136648,A
NEBIVOLOL,32.404295729867215,33.2923017412312,A
NEOCLOVIR,4.89517037652336,4.572986738502076,C
NEOMERCAZOLE,0.3217917282881162,0.1381319166620747,C
NEOMYCIN,59.44374561326579,58.52212794739438,C
NICARDIPINE,11.478588182698715,10.29250802951284,C
NIFEDIPINE,12.329054746327486,8.757512008728412,C
NIFIDIPINE,2.2185453501140433,3.1111199147849167,A
NILOTINIB,6.37571660566374,5.355630447530123,C
NIMESULIDE,4.386376176535649,6.472845866414161,A
NIMODIPINE,1.0613521445277243,3.1835499540064944,A
NIMOTUZUMAB,0.12416696813845451,0.3714491629232448,A
NIRMATRELVIR,0.9073149092470869,1.5446088645365514,A
NIVOLUMAB,10.59095423026532,9.663127298035821,C
NIZATIDINE,1.3796904493873914,1.8674946055161064,A
NORDITROPIN,1.8552078506455292,2.3146782306949,A
NORFLOXACIN,6.42079951655662,6.341236480345586,C
NOXAPARIN,0.3748946164468261,0.27049261372603595,C
NTAMYCIN,1.3206549511418775,0.8946288881933306,C
NUPARIN,0.060573288135413836,0.08970530758795052,A
NYSTATIN,4.151052749776284,2.023281607042094,C
OCLACITINIB,0.5270100628809553,0.26871544158634597,C
OCRELIZUMAB,2.5421036043892715,2.049974703286938,C
OCUCYCLINE,0.5744724507304855,0.868293835436444,A
OCUMYCIN,0.34441932815203335,0.09821064296398174,C
OCUVIR,9.889934710797572,10.294181391061159,A
ODANSETRON,1.0856383585048506,1.6324947835609533,A
OFLOXACIN,13.278096474445704,12.34299119476114,C
OLANZAPINE,12.114688719015021,7.47092479644553,C
OLAPATADINE,1.1624635540921409,0.7802095592012179,C
OLIMAB,7.245928511581136,6.941534980618272,C
OLMESARTAN,16.82951116666638,15.500449766961594,C
OLOPATADINE,12.094176933053198,11.247570933237043,C
OLPAVIR,0.7674789649224649,0.6774580778198409,C
OMALIZUMAB,0.6305996512543981,0.5532477794123674,C
OMEPRAZOLE,65.94616468632796,59.55765745621352,C
OMIPRAZOLE,0.59437960226566,1.0968282757071997,A
OMPERAZOLE,1.549640156657612,2.148487662732773,A
ONAPRIL,0.3429287669101392,0.7787081668962008,A
ONDANSETRON,89.12072073160863,85.94923630102102,C
ONDASETRON,0.015489568377019758,0.6135952546220129,A
ONDENSETRON,0.44544261706205557,1.402306871401871,A
ONTINIB,2.6633980241321185,2.3271312879563517,C
ORAFIL,2.903088545385984,3.3234092967057123,A
ORDNIDAZOLE,0.46150271253113057,0.6447372177915973,A
ORNIDAZOLE,12.701063552865403,12.734404559814326,A
OSELTAMIVIR,15.401155199884748,12.09851615581205,C
OSELVIR,5.714679770889562,2.7254131904430423,C
OSETRON,1.5747144896189704,4.062151039784828,A
OSIMERTINIB,2.8887684345705447,1.691163460780742,C
OSIVIR,2.680665003164127,1.9066586401269685,C
OXACILLIN,0.5212493144158734,1.0486882247035725,A
OXANDROLONE,11.755343483117322,11.971457618381415,A
OXAZEPAM,0.5578438294521759,0.034456157228617945,C
OXETACAINE,1.5823268685791705,2.749121340549305,A
OXFENDAZOLE,0.9038236212502444,1.2570533770974137,A
OXYMETHOLONE,4.82623544086556,5.105392744233598,A
OXYTETRACYCLINE,10.44959069614003,7.626105657030317,C
PALNOSETRON,0.6553407964753941,0.2208967493856573,C
PALONOSETRON,1.761550198622512,0.9905134963128539,C
PAMIDRONATE,1.858282402717661,2.310980806877914,A
PANTAPRAZOLE,4.280563468628566,4.794234893808078,A
PANTOPRAZOLE,33.82931373658141,37.324375816316376,A
PAPARIN,0.17433018959453594,1.0234793360918948,A
PARACAINE,0.7289746076440302,1.1320199892393108,A
PARACETAMOL,117.54579333776269,109.22759548889917,C
PDSOLONE,1.3386974360878034,1.9398058628023234,A
PEMBROLIZUMAB,3.941646737053853,4.892199317218946,A
PENCILLIN,1.340547619012999,0.9627370631501528,C
PENICILLIN,16.515930235402124,18.301907012709066,A
PENTOPRAZOLE,3.2250431454388746,2.8345600993117213,C
PENVIR,5.017383028931241,3.963755202471262,C
PERINDOPRIL,11.749591138247041,13.952800838497787,A
PERTUZUMAB,3.3810295500957044,2.8946199203415457,C
PETAZOLE,0.9337533295267344,2.0852040762415163,A
PHENOCAINE,0.46325577412138097,1.0697193923880928,A
PHENOXYMETHLPENICILLIN,0.8683985504052325,1.2954459749101848,A
PHENOXYMETHYLPENCILLIN,1.3162556373985574,2.190279499733058,A
PHENOXYMETHYLPENICILLIN,2.443914952325871,3.675555893026374,A
PHENYTOIN,9.274218425280878,9.253787403435496,C
PHYLLINE,2.308489977761941,2.0321993448593294,C
PIPERACILLIN,0.9233890535218023,1.5163928906280972,A
PIPRACILLIN,0.7637418392139823,0.48458037259093967,C
PITAVASTATIN,4.4794352056980244,4.634570433554643,A
PONATINIB,0.42591117155832103,0.18809546742460626,C
POSACONAZOLE,13.63430990679117,13.140349288124876,C
PRAVASTATIN,24.498902394970056,23.26956494243965,C
PRAZOLE,0.8076457389750455,0.05581417082135243,C
PREDINISOLONE,3.2095220313494712,1.6607720312646848,C
PREDISOLONE,0.33767417734522837,0.6054233675384655,A
PREDNISOLONE,68.77502822252717,66.99245675219987,C
PREDNISONE,7.27645400299296,0.11750203194804953,C
PREGABALIN,39.1082431724642,39.70783211910714,A
PRENISOLONE,0.5191251379949726,0.701735609442043,A
PRESARTAN,6.7732983341936155,0.3746314493288878,C
PRILOCAINE,0.7319640473510896,1.436240844184393,A
PRINDOPRIL,1.1268394326155313,1.4427835232951378,A
PROCAINE,0.3836544567717173,1.1189216264058386,A
PROCTOCAINE,0.06051617322213332,0.5042756277700002,A
PROGESTERONE,0.4996108275233553,1.8572039143410564,A
PROLOL,1.4216102066391068,1.1784964064748031,C
PROPANOLOL,0.9796417028774909,0.4078331911118871,C
PROPARACAINE,30.4697027793157,25.563648818407817,C
PROPONOLOL,1.13314289387871,1.3570369486385685,A
PROPRANOLOL,10.936255474536921,14.5519256138804,A
QUETIAPINE,30.66203649209774,27.974358200628387,C
QUINAPRIL,1.6037897252256332,0.7806395331539355,C
RABEPRAZOLE,6.004659618648361,7.3057130591064094,A
RALTEGRAVIR,2.7010212083625094,2.357289780897596,C
RAMIPRIL,13.669335055203277,12.332568666390046,C
RAMUCIRUMAB,0.5327107407054732,0.1029714558820487,C
RANIBIZUMAB,0.6967437183508616,0.4389784548358069,C
RANITIDINE,5.377924427917762,6.0667068865149645,A
RAPAMYCIN,5.049647516356849,3.8037240380024735,C
RASOMYCIN,0.6385991797403021,1.3383078380931661,A
RAZUMAB,0.5986943180620479,0.15587391290065544,C
READYAZITHROMYCIN,0.11466270276139401,0.6018517759207764,A
REBEPRAZOLE,2.4077897614683295,3.291543995284388,A
REMDESIVIR,2.1836152410065823,0.259001990913851,C
REMOGLIFLOZIN,0.9268745352500452,1.6431968534832722,A
RICOVIR,1.7591375233935747,2.572354587528211,A
RISEDRONATE,15.540069529254076,17.478610760144925,A
RISPERIDONE,27.675229497347516,25.570715913323085,C
RITONAVIR,6.471890696041278,8.522709161532806,A
RITUXIMAB,3.509792461472742,2.8151001802002895,C
ROPIVACAINE,3.097208710323997,5.366911096574107,A
ROSCILLIN,1.5871740544139548,1.1408325116649474,C
ROSOPRIL,2.3823672712168653,4.2078702134488015,A
ROSUVASTATIN,93.25300279037651,93.74355818210023,A
ROSVASTATIN,0.13423375234456003,0.32038532535710074,A
ROXITHROMYCIN,0.11200673552280804,1.071724282573573,A
ROZUVASTATIN,0.5520204022654871,1.4732746510399894,A
RUPATADINE,8.05065794920208,9.560152206491626,A
RUXOLITINIB,0.4370923967336318,0.9336106294656109,A
SALBUTAMOL,58.65573526328291,50.003776215797075,C
SALMETEROLFLUTICASONE,0.942042434696881,2.312248913847574,A
SAMLODIPINE,1.7868163746359944,1.692714593992185,C
SAXAGLIPTIN,2.807574322730744,1.004277430597753,C
SECNIDAZOLE,2.574552776989268,1.2981856253939448,C
SECUKINUMAB,0.6006380715569604,0.13486661031219738,C
SELTAVIR,0.4472126071756435,0.6408555226485313,A
SERTACONAZOLE,0.899092308578191,0.46361109225792907,C
SERTRALINE,9.218064825168057,13.427317526563002,A
SETRON,0.5368218701525524,0.21893545034958528,C
SHATAVARI,8.392421734372157,9.99250104838675,A
SIDENAFIL,0.9555496467156699,2.9912283900714147,A
SILAGRA,10.633318573890676,9.316834757814469,C
SILDENAFIL,217.023824387192,212.9892637279936,C
SILDINAFIL,1.4835830503926162,1.2888299597699415,C
SILDNAFIL,0.9488649796771895,0.6288043160126584,C
SIMVASTATIN,32.97232100651068,33.77120972356413,A
SITAGLIPTIN,45.982077434156935,44.01827270293501,C
SITAPRIL,0.9911569730951744,2.088112188096825,A
SLIDENAFIL,0.47771298343196533,0.26263817023198255,C
SOFAMYCIN,8.0,8.0,A
SOFOSBUVIR,5.431287513062472,3.8496795971653412,C
SOFRAMYCIN,15.332812975769746,14.755298890386358,C
SOLONE,0.11303112498262236,0.36354036472991735,A
SOMATOSTATIN,4.9595530126166025,4.720647730316275,C
SOMATROPIN,13.727780841490304,14.770031172036362,A
SOSPENISONE,0.8718023283782685,1.1981309474794752,A
SPARCAINE,1.652458501623356,2.080583279358041,A
SPECTINOMYCIN,6.202558089164006,5.148129327593201,C
SPIRAMYCIN,1.959659764639731,2.4115465010625328,A
STANAZOLOL,4.0666737630347285,6.384453983556213,A
STANOZOLOL,7.599919951422265,8.602107752628712,A
STANZOLOL,2.6151469897982587,2.3951677912037015,C
STREPTOMYCIN,10.671244339032324,9.532395713121124,C
SUCRAFIL,2.529659567717511,1.43983320343842,C
SUHAGRA,24.665241443516265,26.010895558364524,A
SULFAMETHOXAZOLE,6.801619728945244,7.753610930624035,A
SULPHAMETHOXAZOLE,2.2150665741353848,3.266491676202641,A
SULTAMICILLIN,3.3627001335794775,2.7112172711709395,C
SUNITINIB,3.612109326254494,2.153846335553638,C
SUPLHAMETHOXAZOLE,1.7053790717195607,1.5506578829168445,C
TABAZITHROMYCIN,2.441920402908924,2.0945315219583946,C
TABCIPROFLOXACIN,0.6042107013474898,1.1391839678461593,A
TABLETSBISOPROLOL,0.8608780967211269,1.1363472068150304,A
TABSAMOXYCILLIN,0.5486725638443668,0.9255959759666633,A
TABSEMPAGLIFLOZIN,1.100462677067259,0.745980877485672,C
TABSILDENAFIL,0.9180359862815375,1.4274667843465167,A
TABSSILDENAFIL,0.806809192440737,0.6914356994218767,C
TABSTENOFOVIR,0.583806715169435,0.8887000646896005,A
TABTADALAFIL,0.9252223616598514,1.8957657885138712,A
TABVARDENAFIL,0.7815057598039246,1.1861071135634382,A
TADAFIL,2.9711385617118213,2.8056116390805594,C
TADALAFIL,108.27658069734457,109.5842645613211,A
TADARISE,60.05404259888343,57.548051687526254,C
TAROSONE,0.9924481224025383,1.420351654260492,A
TASONE,0.2787995043943936,0.19660260999022428,C
TASTYLIA,33.3617452750849,31.028074944361556,C
TELMESARTAN,0.5987074161168653,1.147923469025479,A
TELMISARTAN,4.066510509561226,2.423592573334588,C
TELSARTAN,9.008749352010458,17.09465213583796,A
TEMAZEPAM,5.104119054030138,4.575791002661043,C
TEMISARTAN,3.4678799685036656,3.1960376042071075,C
TENELIGLIPTIN,2.8363334814861574,4.70598242053336,A
TENOFOVIR,29.70042758685588,29.645834003404786,C
TENVIR,11.144669926991748,13.417157921084893,A
TESTOSTERONE,8.651079529434242,10.54808691668785,A
TETRACAINE,0.6610894507631484,1.2063690065747918,A
TETRACYCLINE,3.3968196230812566,4.235668160913335,A
THEMICAINE,1.0128314802130207,1.543625778066872,A
THEOPHYLLINE,3.651277974672414,5.151148506831305,A
TIBOLONE,0.09205107829715553,0.5967757117127876,A
TIGECYCLINE,4.144614174379143,2.7846482996851627,C
TIMOLOL,22.998521453159583,19.502566923531276,C
TINDAZOLE,0.3806504471894352,0.5638324376270443,A
TINIDAZOLE,2.541698236935197,3.1640369661324925,A
TINOVIR,2.2093595889884763,1.8238272361997057,C
TIOTROPIN,15.868843269953707,12.975448820372572,C
TOBRAMYCIN,22.44054976207636,21.950464565796793,C
TOCILIZUMAB,5.3206549511418775,4.959561347055746,C
TOFACITINIB,15.589147843070737,13.927084365830495,C
TOLPERISONE,6.8033729939271606,6.091908900437176,C
TOLTERODINE,11.620754940742415,12.835901302045784,A
TOPICAINE,1.0556980296829779,1.3069114696725859,A
TRAMADOL,34.74469153839877,32.709602104358396,C
TRAMETINIB,1.4227782480053914,0.8836077162464764,C
TRANDOLAPRIL,2.624285798200434,3.3917520041992963,A
TRASTMAB,0.6275098033783979,0.9309652157326083,A
TRASTUZUMAB,33.773712415234414,35.61595408595957,A
TRENBOLONE,15.954224433257579,14.06166530747872,C
TRIAMCINOLONE,10.631521567611372,13.841241377819301,A
TRICAINE,1.0191083297375396,1.0674109055001315,A
TRICLABENDAZOLE,0.3017958020122524,0.03027687793034728,C
TRIMCINOLONE,0.24559770891564248,0.19718469752624568,C
TRIMOXAZOLE,25.737986579429887,25.196594550033353,C
TRINBELIMAB,0.6419381570576821,1.3892972504192098,A
TRINMELIMAB,1.3566425320139113,0.9924620959162425,C
TROPIN,1.0558456944754635,2.2354214007204645,A
UDENAFIL,1.431990705731053,1.7621293759985779,A
ULINASTATIN,0.53179689677751,1.287500035760825,A
ULTRAZOLE,1.6678171511142543,1.2700525410165662,C
UPADACITINIB,5.851713350315494,5.788428592478992,C
UROFOLLITROPIN,6.514218478945059,5.88273505520721,C
USTEKINUMAB,4.005223932504748,2.700004715015064,C
VACLOVIR,0.9529131312109591,1.7392895939900639,A
VAGIMYCIN,0.8339071907864242,1.1936327789877184,A
VALACICLOVIR,8.920147062538792,5.533980376532742,C
VALACVIR,0.373031839233132,0.15735225785432894,C
VALACYCLOVIR,13.629650200040327,12.290890298926236,C
VALASARTAN,0.20979303288195217,0.6465015853905502,A
VALCIVIR,17.316963521310697,17.90459693468351,A
VALCLOVIR,6.2507791482254405,7.287705886030711,A
VALCYCLOVIR,0.32922872920153123,0.4875624038973251,A
VALGANCICLOVIR,1.409465312838261,0.17780121118585512,C
VALPARIN,11.498930505321539,10.456527140351117,C
VALPROATE,12.758969933539973,10.607796928389774,C
VALSARTAN,5.990480731094692,2.616624225854139,C
VANCOMYCIN,1.7693069293727746,4.785394907323322,A
VARDENAFIL,97.73170835504516,94.46551198849528,C
VEDAFIL,2.3268554564391666,1.7369510153716532,C
VEDOLIZUMAB,6.4919650239238464,5.354545209283726,C
VELPATASVIR,3.9224464848183143,4.972648011454635,A
VENLAFAXINE,41.8564641754968,39.54367829326358,C
VERDENAFIL,0.9158308311777574,5.931851235476763,A
VERDINAFIL,2.360395866416745,4.165856977846918,A
VESIMYCIN,3.5993437049826484,3.270201206726564,C
VIDAGLIPTIN,1.697326734729093,0.8486086394340653,C
VIDALISTA,8.498238948612766,4.648350460148663,C
VILDAGLIPTIN,17.697797476987034,17.022150300153804,C
VIROVIR,0.15632413589645466,1.1881364596298303,A
VONAVIR,0.4609228423910938,1.0344871302258607,A
VORICONAZOLE,0.037251235482173684,1.5692817466547524,A
WARFARIN,16.35979472798131,15.350233684502562,C
WITHCYPROHEPTADINE,1.1366746800853536,1.470434599534676,A
WORMAZOLE,0.4959322070209136,1.0969988242455657,A
WYSOLONE,8.011910677015216,6.838125448784098,C
XYLOCAINE,9.181679087127423,7.5858067248072185,C
YASHICLOVIR,0.0,0.0,A
YASHIDAZOLE,0.7167765920097431,2.2243027936124924,A
ZIDOLAM,3.070956656205709,2.6852580675799214,C
ZIMYCIN,0.07636653641538303,0.10992822103842845,A
ZIOMYCIN,0.12486433243332673,0.5350236709947698,A
ZOFENOPRIL,0.8297553524702885,0.5876553285426778,C
ZOLPIDEM,9.092028272948248,7.892194442387847,C
ZOVICLOVIR,4.323651359376774,2.7539391749022766,C
ZUTINIB,0.27245311512942516,0.41978943145519565,A
