drug_substance,t,forecast_month,last_actual_transaction_count_t8,naive_forecast,model_a_ar1_forecast,model_a_ar2_forecast,model_b_forecast,model_c_ppml_forecast,model_d_gmm_forecast
PARACETAMOL,21,2024-09,1600,1600,1553.4,1557.7,1567.5,1561.4,1551.7
SILDENAFIL,21,2024-09,1309,1309,1320.3,1342.1,1360.4,1326.6,1321.9
AMOXICILLIN,21,2024-09,966,966,986.0,990.5,992.7,987.7,987.5
TADALAFIL,21,2024-09,930,930,975.5,983.0,976.7,976.9,978.6
METFORMIN,21,2024-09,846,846,917.7,916.5,916.7,916.5,921.8
DICLOFENAC,21,2024-09,854,854,917.2,917.5,921.7,916.9,920.5
IBUPROFEN,21,2024-09,710,710,714.9,719.0,717.8,716.6,715.2
KAMAGRA,21,2024-09,750,750,708.5,716.4,729.9,714.6,707.1
AZITHROMYCIN,21,2024-09,588,588,658.9,653.3,646.2,657.8,663.2
VIDALISTA,21,2024-09,610,610,641.7,642.0,637.5,646.4,644.6
CENFORCE,21,2024-09,568,568,607.0,603.9,598.7,614.5,610.2
ATORVASTATIN,21,2024-09,550,550,600.1,597.7,594.6,606.3,602.5
AMLODIPINE,21,2024-09,523,523,597.3,598.6,592.2,596.4,601.5
OMEPRAZOLE,21,2024-09,626,626,591.2,594.5,595.7,597.6,589.5
CIPROFLOXACIN,21,2024-09,524,524,539.6,542.8,539.8,541.5,540.5
PREGABALIN,21,2024-09,472,472,515.8,515.4,513.2,519.2,518.3
METRONIDAZOLE,21,2024-09,528,528,495.4,495.4,492.6,499.2,493.9
ROSUVASTATIN,21,2024-09,473,473,467.1,470.9,469.9,470.2,466.8
AMOXYCILLIN,21,2024-09,378,378,461.7,456.6,449.3,460.2,466.8
SALBUTAMOL,21,2024-09,462,462,458.6,460.6,459.4,463.4,458.7
FLUTICASONE,21,2024-09,470,470,444.2,446.4,447.9,447.7,442.9
PANTOPRAZOLE,21,2024-09,431,431,416.8,416.1,415.9,420.2,416.1
CEFTRIAXONE,21,2024-09,396,396,407.5,408.0,405.8,409.4,408.1
GABAPENTIN,21,2024-09,365,365,395.8,393.4,391.7,397.1,397.7
TELMISARTAN,21,2024-09,388,388,387.7,386.9,386.1,390.3,387.9
LOSARTAN,21,2024-09,357,357,380.7,383.0,382.8,382.3,381.9
TESTOSTERONE,21,2024-09,420,420,372.6,376.4,379.2,378.5,370.2
METOPROLOL,21,2024-09,420,420,365.8,367.5,368.5,370.1,363.2
CLOTRIMAZOLE,21,2024-09,334,334,351.3,350.9,351.1,352.7,352.3
LEVETIRACETAM,21,2024-09,452,452,349.4,347.7,352.5,356.7,344.7
ESOMEPRAZOLE,21,2024-09,340,340,337.5,338.5,341.0,339.8,337.4
CEFIXIME,21,2024-09,356,356,331.2,333.9,335.7,335.2,330.0
VARDENAFIL,21,2024-09,398,398,328.9,332.6,341.1,335.9,326.0
FLUCONAZOLE,21,2024-09,289,289,321.0,322.6,319.4,320.9,322.9
BUDESONIDE,21,2024-09,302,302,303.3,300.5,300.0,304.9,303.6
ONDANSETRON,21,2024-09,367,367,289.9,285.6,289.0,297.5,286.3
CLINDAMYCIN,21,2024-09,271,271,286.1,287.9,282.0,286.3,287.0
PREDNISOLONE,21,2024-09,302,302,285.2,285.6,285.2,287.8,284.6
QUETIAPINE,21,2024-09,298,298,264.9,265.2,267.7,268.5,263.2
DEXAMETHASONE,21,2024-09,284,284,258.6,258.2,258.8,261.3,257.2
ALBENDAZOLE,21,2024-09,251,251,251.8,251.1,251.5,253.4,251.9
LEVOFLOXACIN,21,2024-09,270,270,244.4,247.2,246.2,247.7,243.2
MONTELUKAST,21,2024-09,223,223,243.4,244.5,246.6,243.4,244.6
BETAMETHASONE,21,2024-09,206,206,230.9,231.8,232.6,232.1,232.3
HYDROCORTISONE,21,2024-09,260,260,221.0,222.7,224.4,224.9,219.1
VALSARTAN,21,2024-09,275,275,215.7,220.8,221.3,222.1,212.9
TIMOLOL,21,2024-09,230,230,212.5,213.4,215.3,214.9,211.7
CLOPIDOGREL,21,2024-09,182,182,204.5,203.2,204.0,205.0,205.7
CETIRIZINE,21,2024-09,261,261,203.3,203.7,207.2,207.8,200.8
DAPAGLIFLOZIN,21,2024-09,223,223,201.0,207.5,208.8,206.2,199.7
OLANZAPINE,21,2024-09,213,213,195.1,194.6,195.5,198.5,194.2
DOXYCYCLINE,21,2024-09,228,228,193.9,197.3,199.2,197.2,192.4
TENOFOVIR,21,2024-09,200,200,193.8,195.7,197.1,195.5,193.5
CYPROHEPTADINE,21,2024-09,188,188,191.7,194.1,194.9,192.7,191.8
LIDOCAINE,21,2024-09,160,160,187.0,186.7,185.4,187.9,188.4
VENLAFAXINE,21,2024-09,155,155,186.4,185.0,184.7,186.6,188.2
NEBIVOLOL,21,2024-09,171,171,183.5,180.2,178.1,185.4,184.2
RAMIPRIL,21,2024-09,200,200,182.1,180.2,181.1,184.9,181.0
MOMETASONE,21,2024-09,135,135,180.0,178.1,174.4,180.4,182.7
ESCITALOPRAM,21,2024-09,200,200,175.8,178.0,180.4,178.6,174.8
SERTRALINE,21,2024-09,184,184,174.2,172.9,173.5,177.6,173.7
DULOXETINE,21,2024-09,196,196,169.2,169.1,171.0,173.9,167.7
ACICLOVIR,21,2024-09,156,156,168.4,167.9,167.4,168.6,169.0
FUROSEMIDE,21,2024-09,151,151,165.6,166.6,167.2,168.0,166.4
TADARISE,21,2024-09,217,217,165.5,165.8,168.2,170.4,163.5
FORMOTEROL,21,2024-09,185,185,164.9,163.8,164.7,167.9,163.9
PROGESTERONE,21,2024-09,153,153,164.7,164.3,164.4,165.1,165.3
HEPARIN,21,2024-09,167,167,164.0,168.1,170.1,167.9,164.0
SITAGLIPTIN,21,2024-09,202,202,162.0,163.1,166.5,165.4,160.1
ACECLOFENAC,21,2024-09,174,174,160.8,160.5,160.9,163.1,160.2
FEXOFENADINE,21,2024-09,157,157,157.1,158.1,158.7,160.4,156.9
KETOCONAZOLE,21,2024-09,168,168,154.6,159.7,161.4,158.0,153.6
RISPERIDONE,21,2024-09,160,160,152.9,152.9,155.0,154.9,152.4
BISOPROLOL,21,2024-09,171,171,152.5,156.6,157.3,155.4,151.6
SUHAGRA,21,2024-09,126,126,152.0,148.2,145.6,154.5,153.7
ESTRADIOL,21,2024-09,129,129,151.4,150.3,148.4,151.3,152.7
MENTHOL,21,2024-09,145,145,150.8,150.0,148.8,153.1,151.2
ERYTHROMYCIN,21,2024-09,152,152,150.6,151.7,149.6,151.5,150.7
OLMESARTAN,21,2024-09,141,141,149.7,150.5,150.5,150.2,150.3
TRIAMCINOLONE,21,2024-09,156,156,148.5,148.0,149.0,150.8,148.0
OFLOXACIN,21,2024-09,171,171,147.7,148.7,149.0,150.0,146.6
AMPICILLIN,21,2024-09,167,167,143.1,144.5,145.7,145.6,142.0
TRAMADOL,21,2024-09,199,199,142.2,145.1,148.7,147.6,139.7
EMPAGLIFLOZIN,21,2024-09,157,157,138.1,143.2,141.7,143.9,137.0
MEROPENEM,21,2024-09,142,142,135.9,133.4,131.7,137.6,135.7
ARIPIPRAZOLE,21,2024-09,98,98,134.3,133.0,130.7,134.6,136.5
PROPRANOLOL,21,2024-09,127,127,133.8,132.2,133.0,136.1,134.4
ACETAMINOPHEN,21,2024-09,143,143,133.5,134.7,136.5,135.1,133.1
FILDENA,21,2024-09,146,146,132.4,132.7,133.7,134.7,132.0
RABEPRAZOLE,21,2024-09,136,136,132.1,132.1,132.0,133.8,131.8
VANCOMYCIN,21,2024-09,160,160,123.6,124.8,125.7,127.0,121.9
AVANAFIL,21,2024-09,105,105,123.5,123.9,122.9,125.0,124.6
NAPROXEN,21,2024-09,197,197,123.2,125.0,128.1,129.7,120.3
SIMVASTATIN,21,2024-09,111,111,121.7,118.9,117.1,124.0,122.4
GLIMEPIRIDE,21,2024-09,117,117,121.4,121.4,120.5,123.2,121.6
MICONAZOLE,21,2024-09,121,121,121.0,123.0,123.3,123.2,121.0
ATENOLOL,21,2024-09,96,96,120.2,119.6,118.3,120.0,121.7
DAPOXETINE,21,2024-09,143,143,119.4,123.1,125.6,121.9,118.4
CLARITHROMYCIN,21,2024-09,119,119,119.1,119.5,118.6,120.7,119.2
LIGNOCAINE,21,2024-09,152,152,119.0,122.7,123.9,123.8,117.3
ENALAPRIL,21,2024-09,134,134,113.2,113.1,114.8,116.5,112.2
MEBENDAZOLE,21,2024-09,144,144,110.9,113.2,115.1,114.3,109.4
CARBAMAZEPINE,21,2024-09,129,129,109.8,111.6,114.3,111.9,108.9
ITRACONAZOLE,21,2024-09,84,84,109.6,110.7,109.1,109.3,111.1
ASPIRIN,21,2024-09,132,132,108.0,109.2,110.1,111.3,106.8
DONEPEZIL,21,2024-09,109,109,107.4,107.8,108.3,109.6,107.4
NIFEDIPINE,21,2024-09,101,101,106.9,108.2,109.2,108.1,107.3
ASHWAGANDHA,21,2024-09,111,111,105.6,104.1,104.1,107.6,105.3
DOLUTEGRAVIR,21,2024-09,229,229,105.3,111.2,115.2,119.4,101.0
DOMPERIDONE,21,2024-09,82,82,104.4,105.0,104.8,104.4,105.7
TRENBOLONE,21,2024-09,136,136,104.3,106.4,108.1,109.3,102.8
MOXIFLOXACIN,21,2024-09,132,132,102.7,104.3,105.8,106.3,101.4
TOBRAMYCIN,21,2024-09,85,85,102.3,102.6,102.9,102.1,103.3
LANSOPRAZOLE,21,2024-09,101,101,101.0,101.2,100.5,101.8,101.0
BECLOMETHASONE,21,2024-09,94,94,98.9,97.9,97.7,99.4,99.2
MALEGRA,21,2024-09,124,124,98.0,99.3,101.2,100.5,97.0
IRBESARTAN,21,2024-09,76,76,95.2,94.3,92.0,97.4,96.4
MIRTAZAPINE,21,2024-09,106,106,94.9,95.5,97.5,99.8,94.3
LORATADINE,21,2024-09,178,178,93.9,95.5,97.9,99.7,90.9
TETRACYCLINE,21,2024-09,102,102,93.7,94.8,94.1,94.9,93.2
FAMOTIDINE,21,2024-09,102,102,92.4,93.8,95.8,94.6,92.0
METHYLPREDNISOLONE,21,2024-09,99,99,91.1,92.7,95.4,92.5,90.7
NEOMYCIN,21,2024-09,105,105,89.5,92.6,94.9,92.1,88.7
CANDESARTAN,21,2024-09,96,96,88.9,88.9,89.0,91.1,88.6
VALPROATE,21,2024-09,87,87,86.0,87.9,88.5,87.5,85.9
TRIMOXAZOLE,21,2024-09,99,99,84.9,85.3,86.1,86.4,84.2
INSULIN,21,2024-09,85,85,82.8,84.2,85.3,84.3,82.7
PHENYTOIN,21,2024-09,76,76,82.5,81.3,82.5,83.0,82.8
PIPERACILLIN,21,2024-09,83,83,82.2,82.9,82.5,83.7,82.0
ACIVIR,21,2024-09,59,59,81.8,79.8,78.5,82.8,83.3
NYSTATIN,21,2024-09,118,118,81.6,80.4,81.2,85.0,80.1
LISINOPRIL,21,2024-09,70,70,81.1,80.2,78.6,82.8,81.8
RANITIDINE,21,2024-09,79,79,80.6,80.1,79.1,81.7,80.7
PENICILLIN,21,2024-09,64,64,79.0,79.2,77.0,79.2,79.9
NANDROLONE,21,2024-09,92,92,78.3,78.9,79.8,80.9,77.7
TRASTUZUMAB,21,2024-09,79,79,77.3,79.0,76.6,81.1,77.1
BUPIVACAINE,21,2024-09,81,81,75.8,76.3,77.0,77.8,75.5
ENOXAPARIN,21,2024-09,81,81,73.8,73.7,73.7,75.3,73.4
FLUOCINOLONE,21,2024-09,64,64,73.1,72.1,71.2,73.6,73.6
BETADINE,21,2024-09,71,71,70.3,70.2,70.1,72.1,70.3
ACYCLOVIR,21,2024-09,79,79,68.0,68.1,68.5,69.9,67.5
DESLORATADINE,21,2024-09,74,74,67.1,68.5,68.9,68.6,66.8
DEXLANSOPRAZOLE,21,2024-09,62,62,65.9,65.9,67.3,66.9,66.1
PITAVASTATIN,21,2024-09,60,60,65.7,65.9,63.0,66.2,66.0
IMATINIB,21,2024-09,55,55,65.3,65.3,65.4,66.0,65.9
PERINDOPRIL,21,2024-09,85,85,60.6,60.5,60.9,64.0,59.6
LEVOTHYROXINE,21,2024-09,31,31,60.5,59.9,59.3,60.7,62.6
CAFFEINE,21,2024-09,72,72,59.9,60.3,59.8,63.2,59.4
TINIDAZOLE,21,2024-09,60,60,59.6,59.3,57.9,60.0,59.6
MITOMYCIN,21,2024-09,69,69,59.0,59.2,59.2,60.2,58.5
MEFENAMIC,21,2024-09,53,53,57.9,58.6,57.9,58.1,58.1
LINEZOLID,21,2024-09,50,50,57.0,57.1,56.6,57.3,57.4
CAVERTA,21,2024-09,59,59,55.6,54.7,55.2,58.0,55.5
WARFARIN,21,2024-09,48,48,55.6,55.1,55.4,56.2,56.0
CLOXACILLIN,21,2024-09,67,67,55.2,56.7,57.9,57.8,54.6
VORICONAZOLE,21,2024-09,61,61,54.0,55.4,55.6,55.9,53.6
OLOPATADINE,21,2024-09,49,49,53.6,53.6,53.7,54.6,53.8
NIMESULIDE,21,2024-09,39,39,52.5,51.7,51.0,53.6,53.4
RITUXIMAB,21,2024-09,92,92,52.4,53.6,54.8,55.8,50.9
DAPSONE,21,2024-09,62,62,52.0,54.9,56.6,56.7,51.4
SHATAVARI,21,2024-09,57,57,51.4,50.0,49.7,53.0,51.1
OXANDROLONE,21,2024-09,47,47,50.6,50.2,49.3,52.3,50.8
STANOZOLOL,21,2024-09,90,90,50.4,49.4,50.5,53.6,48.9
ALENDRONATE,21,2024-09,68,68,49.7,50.5,51.7,52.3,48.9
VILDAGLIPTIN,21,2024-09,64,64,48.5,48.8,50.0,50.2,47.8
LIPRIL,21,2024-09,39,39,47.4,46.7,45.6,48.7,47.9
BLEOMYCIN,21,2024-09,39,39,46.7,47.1,46.8,46.9,47.1
HISONE,21,2024-09,35,35,46.5,45.8,45.0,46.8,47.2
NORFLOXACIN,21,2024-09,39,39,45.8,45.4,45.4,45.9,46.3
SILAGRA,21,2024-09,45,45,45.0,45.0,44.3,46.0,45.1
DACTINOMYCIN,21,2024-09,35,35,44.8,45.2,44.8,45.2,45.4
ABACAVIR,21,2024-09,39,39,44.2,43.8,43.4,45.7,44.4
OSELTAMIVIR,21,2024-09,31,31,43.3,42.5,42.3,45.8,44.2
BEVACIZUMAB,21,2024-09,54,54,43.3,44.1,45.7,45.4,42.8
COTRIMOXAZOLE,21,2024-09,47,47,42.6,43.1,42.6,43.8,42.5
TOLTERODINE,21,2024-09,42,42,42.3,41.9,41.6,44.2,42.3
CLOZAPINE,21,2024-09,54,54,42.1,42.0,42.4,45.7,41.6
MELATONIN,21,2024-09,41,41,41.6,43.4,44.5,43.7,41.5
VALCIVIR,21,2024-09,28,28,41.3,38.7,37.3,43.4,42.3
LINAGLIPTIN,21,2024-09,44,44,40.6,41.4,43.0,41.4,40.4
WYSOLONE,21,2024-09,45,45,40.5,41.1,40.8,42.1,40.3
SULPHAMETHOXAZOLE,21,2024-09,31,31,39.7,38.4,38.7,40.9,40.3
MODAFIL,21,2024-09,24,24,39.4,41.1,40.1,39.9,40.4
CANAGLIFLOZIN,21,2024-09,33,33,39.2,38.3,38.0,40.0,39.6
SOFOSBUVIR,21,2024-09,48,48,38.6,38.7,39.3,40.4,38.2
VERDENAFIL,21,2024-09,24,24,36.3,36.0,35.4,40.7,37.1
CARBIMAZOLE,21,2024-09,37,37,35.4,36.0,37.1,37.0,35.4
LERCANIDIPINE,21,2024-09,35,35,35.3,35.9,35.9,37.0,35.4
FLUCLOXACILLIN,21,2024-09,30,30,35.2,36.4,37.0,36.7,35.5
METHYLCOBALAMIN,21,2024-09,29,29,35.1,35.4,35.1,35.8,35.5
LENVATINIB,21,2024-09,38,38,35.1,35.0,34.8,37.6,35.0
APCALIS,21,2024-09,20,20,34.1,33.4,32.7,35.5,35.1
GENTAMYCIN,21,2024-09,27,27,33.7,33.4,32.9,34.0,34.0
TOFACITINIB,21,2024-09,50,50,30.8,32.5,33.8,33.2,30.0
MENOTROPIN,21,2024-09,30,30,30.5,32.1,32.3,32.2,30.5
TELSARTAN,21,2024-09,48,48,30.0,30.2,30.6,37.6,29.1
AMANTADINE,21,2024-09,38,38,30.0,30.2,31.0,31.7,29.6
BECLOMETASONE,21,2024-09,32,32,30.0,30.8,31.1,33.3,29.9
MESTEROLONE,21,2024-09,25,25,28.7,28.7,28.1,29.1,28.8
VERDINAFIL,21,2024-09,35,35,28.4,28.4,28.5,29.7,28.1
STANAZOLOL,21,2024-09,0,0,28.4,27.6,,30.3,34.0
OXYMETHOLONE,21,2024-09,34,34,28.3,28.3,27.6,29.7,28.0
METHENOLONE,21,2024-09,31,31,27.8,27.4,27.6,28.5,27.6
TASTYLIA,21,2024-09,37,37,27.8,27.7,28.8,30.1,27.4
BENZOCAINE,21,2024-09,28,28,27.4,26.7,25.9,29.8,27.4
SULFAMETHOXAZOLE,21,2024-09,20,20,27.2,27.4,27.3,27.6,27.6
VALACYCLOVIR,21,2024-09,33,33,26.7,27.3,28.3,29.5,26.4
PREDNISONE,21,2024-09,26,26,26.6,27.1,27.7,32.6,26.7
VALACICLOVIR,21,2024-09,43,43,26.5,26.5,27.3,29.8,25.9
NIMODIPINE,21,2024-09,28,28,26.4,26.0,26.0,28.1,26.3
CILASTATIN,21,2024-09,44,44,25.2,26.0,26.8,27.8,24.5
ENTECAVIR,21,2024-09,27,27,25.1,24.8,24.9,26.5,25.1
VALCLOVIR,21,2024-09,22,22,24.8,24.3,23.9,25.4,25.1
GLUCOSAMINE,21,2024-09,29,29,24.2,23.7,24.3,25.5,24.0
AZACITIDINE,21,2024-09,37,37,23.6,24.9,25.6,25.5,23.1
GANCICLOVIR,21,2024-09,21,21,23.6,24.5,24.6,24.4,23.8
METHIMAZOLE,21,2024-09,38,38,23.0,23.2,24.9,24.7,22.4
AMINOPHYLLINE,21,2024-09,22,22,22.7,22.3,21.5,23.9,22.8
DARUNAVIR,21,2024-09,19,19,22.6,23.1,23.0,23.5,22.8
THEOPHYLLINE,21,2024-09,22,22,22.3,22.3,21.9,23.5,22.3
IBRUTINIB,21,2024-09,17,17,22.1,22.7,22.7,23.1,22.4
AXALINE,21,2024-09,20,20,21.3,21.1,20.6,25.9,21.4
RITONAVIR,21,2024-09,29,29,20.8,20.5,20.6,23.3,20.5
ALPRAZOLAM,21,2024-09,21,21,20.7,22.7,23.4,27.1,20.7
SOMATROPIN,21,2024-09,9,9,20.7,20.8,19.7,21.8,21.6
FLUDROCORTISONE,21,2024-09,16,16,20.5,20.5,20.6,21.0,20.8
SUNITINIB,21,2024-09,18,18,20.1,19.5,19.3,21.5,20.2
ARORVASTATIN,21,2024-09,13,13,20.0,19.3,18.6,20.4,20.4
FOSFOMYCIN,21,2024-09,25,25,19.8,20.4,20.7,21.2,19.6
DENOSUMAB,21,2024-09,22,22,19.6,21.2,21.9,21.8,19.5
DROSTANOLONE,21,2024-09,5,5,19.6,19.0,17.6,20.7,21.0
DAPTOMYCIN,21,2024-09,28,28,19.5,19.8,20.5,21.2,19.1
CAMPICILLIN,21,2024-09,18,18,19.1,19.2,19.5,19.5,19.2
PRAVASTATIN,21,2024-09,19,19,19.0,18.8,18.7,20.7,19.1
GONADOTROPIN,21,2024-09,17,17,18.9,19.1,19.0,19.9,19.1
MINOCYCLINE,21,2024-09,21,21,18.8,18.4,18.4,20.2,18.7
OCUVIR,21,2024-09,16,16,18.8,18.9,18.3,19.8,18.9
PROPARACAINE,21,2024-09,52,52,18.7,19.1,20.5,24.4,17.8
ORNIDAZOLE,21,2024-09,15,15,18.7,18.9,19.2,18.9,18.9
SILDNAFIL,21,2024-09,24,24,18.5,18.7,18.8,19.4,18.2
DASATINIB,21,2024-09,26,26,18.0,18.2,19.0,19.1,17.7
VALPARIN,21,2024-09,12,12,17.9,17.8,17.7,18.9,18.2
ORAFIL,21,2024-09,15,15,17.7,17.5,17.4,18.1,17.8
NATAMYCIN,21,2024-09,23,23,17.6,17.8,18.2,18.5,17.3
ENAPRIL,21,2024-09,15,15,17.5,18.0,18.1,18.3,17.7
DIAZEPAM,21,2024-09,16,16,17.2,17.5,17.7,18.1,17.3
ZOLPIDEM,21,2024-09,14,14,17.2,18.0,18.2,18.0,17.4
SECNIDAZOLE,21,2024-09,23,23,17.1,17.1,17.3,18.7,16.8
TIGECYCLINE,21,2024-09,17,17,17.0,17.1,17.3,18.0,16.9
MIDAZOLAM,21,2024-09,14,14,16.9,17.7,17.7,18.2,17.0
CAPTOPRIL,21,2024-09,12,12,16.8,16.9,16.8,17.2,17.1
CILNIDIPINE,21,2024-09,13,13,16.7,17.9,17.8,18.3,16.9
COLLAGEN,21,2024-09,9,9,16.5,16.9,16.9,17.6,16.9
VALGANCICLOVIR,21,2024-09,33,33,16.2,16.7,17.0,18.5,15.6
PRESARTAN,21,2024-09,31,31,16.2,16.2,17.0,21.6,15.7
PALONOSETRON,21,2024-09,7,7,15.8,15.4,14.9,16.3,16.5
ERLOTINIB,21,2024-09,19,19,15.4,15.4,15.9,16.1,15.2
RUPATADINE,21,2024-09,24,24,15.4,14.9,15.0,17.7,15.0
DERMAZOLE,21,2024-09,26,26,15.2,15.9,16.2,16.9,14.8
ROPIVACAINE,21,2024-09,24,24,15.1,15.6,15.7,18.2,14.7
TENELIGLIPTIN,21,2024-09,11,11,15.0,15.0,14.8,16.1,15.2
MERCAZOLE,21,2024-09,17,17,14.8,14.5,14.7,15.8,14.7
RISEDRONATE,21,2024-09,0,0,14.7,13.5,,16.5,17.1
CLONAZEPAM,21,2024-09,11,11,14.3,16.2,16.4,17.3,14.4
ANASTRAZOLE,21,2024-09,18,18,14.1,13.9,13.5,16.3,13.9
FENBENDAZOLE,21,2024-09,34,34,13.7,15.1,16.1,18.0,13.0
ESMOLOL,21,2024-09,8,8,13.6,14.1,14.0,14.6,13.9
TENVIR,21,2024-09,8,8,13.2,12.2,11.8,15.9,13.6
MICOCYCLINE,21,2024-09,10,10,13.2,12.8,12.5,13.3,13.4
PENTOPRAZOLE,21,2024-09,10,10,13.0,12.8,12.8,13.4,13.1
ROXITHROMYCIN,21,2024-09,13,13,12.6,12.2,12.3,14.3,12.6
BIOTIN,21,2024-09,6,6,12.5,12.8,12.8,13.4,13.0
SAXAGLIPTIN,21,2024-09,12,12,12.4,13.2,13.8,13.9,12.4
LOPINAVIR,21,2024-09,6,6,12.1,11.9,11.0,14.1,12.6
DICLOXACILLIN,21,2024-09,21,21,12.1,11.9,12.5,14.0,11.7
AUROCAINE,21,2024-09,10,10,12.1,12.5,12.6,12.8,12.2
FLUOROMETHOLONE,21,2024-09,19,19,12.1,12.5,13.0,13.2,11.8
PANTAPRAZOLE,21,2024-09,9,9,12.1,11.8,11.1,12.8,12.3
ZOVICLOVIR,21,2024-09,21,21,12.0,12.5,12.9,13.8,11.7
ATAZANAVIR,21,2024-09,8,8,11.9,11.4,11.0,13.0,12.2
LAPATINIB,21,2024-09,10,10,11.8,12.0,11.9,12.8,11.9
CABOZANTINIB,21,2024-09,7,7,11.8,12.3,12.3,12.8,12.1
SOFRAMYCIN,21,2024-09,17,17,11.8,12.0,13.0,13.1,11.6
EUCALYPTUS,21,2024-09,18,18,11.7,12.1,12.3,13.0,11.5
OXYTETRACYCLINE,21,2024-09,27,27,11.7,11.9,12.4,14.8,11.2
GEFITINIB,21,2024-09,12,12,11.6,11.6,11.8,12.1,11.6
PHENOXYMETHYLPENICILLIN,21,2024-09,7,7,11.6,11.8,11.8,12.7,11.9
SUCRAFIL,21,2024-09,22,22,11.6,12.1,12.6,12.8,11.2
UROFOLLITROPIN,21,2024-09,19,19,11.6,12.4,12.8,12.8,11.3
ENROFLOXACIN,21,2024-09,18,18,11.5,11.7,11.7,13.0,11.3
DUOVIR,21,2024-09,19,19,11.1,12.4,13.9,12.6,10.8
GRANISETRON,21,2024-09,15,15,11.0,10.8,11.1,11.9,10.8
UDENAFIL,21,2024-09,15,15,10.8,10.7,10.6,11.5,10.7
EMPLAGLIFLOZIN,21,2024-09,13,13,10.5,10.5,10.6,11.2,10.4
XYLOCAINE,21,2024-09,8,8,10.3,10.2,10.4,11.8,10.5
CIZUMAB,21,2024-09,7,7,10.3,10.4,10.5,11.3,10.4
USTEKINUMAB,21,2024-09,9,9,10.1,9.9,9.9,10.9,10.2
LINCOMYCIN,21,2024-09,6,6,10.0,9.6,9.0,10.6,10.3
ETOPHYLLINE,21,2024-09,9,9,9.9,9.7,9.4,10.9,10.0
POSACONAZOLE,21,2024-09,12,12,9.9,10.2,10.7,10.7,9.8
CAMPHOR,21,2024-09,15,15,9.6,9.6,9.9,10.5,9.4
LULICONAZOLE,21,2024-09,12,12,9.6,10.0,10.4,10.6,9.4
EUTROPIN,21,2024-09,8,8,9.4,9.4,9.2,10.0,9.5
BENAZEPRIL,21,2024-09,23,23,9.1,9.6,10.2,12.4,8.7
PEMBROLIZUMAB,21,2024-09,5,5,9.0,9.2,8.9,9.8,9.2
TOLPERISONE,21,2024-09,11,11,8.9,8.8,9.0,9.7,8.8
KETOKONAZOLE,21,2024-09,12,12,8.8,9.1,9.6,9.3,8.7
IBANDRONATE,21,2024-09,10,10,8.7,8.8,9.0,9.0,8.7
CIMETIDINE,21,2024-09,9,9,8.5,8.2,8.1,9.5,8.5
OSELVIR,21,2024-09,4,4,8.5,8.1,7.9,11.0,8.8
CURCUMIN,21,2024-09,8,8,8.4,8.4,8.4,9.5,8.5
LEDIPASVIR,21,2024-09,6,6,8.3,8.2,7.8,8.6,8.5
GATIFLOXACIN,21,2024-09,14,14,8.3,8.1,8.4,9.3,8.1
ADALIMUMAB,21,2024-09,12,12,8.2,8.5,9.1,9.0,8.1
MOLNUPIRAVIR,21,2024-09,6,6,8.1,7.8,7.8,9.3,8.3
DACLATASVIR,21,2024-09,8,8,8.1,8.1,8.2,8.9,8.1
TRINBELIMAB,21,2024-09,14,14,8.1,8.2,8.4,9.3,7.8
CHONDROITIN,21,2024-09,16,16,8.0,7.9,8.4,9.3,7.7
DARATUMUMAB,21,2024-09,16,16,7.9,8.1,8.5,10.0,7.6
LOVASTATIN,21,2024-09,4,4,7.8,7.8,7.2,9.7,8.1
NILOTINIB,21,2024-09,7,7,7.8,8.0,8.1,8.7,7.8
LORATIDINE,21,2024-09,11,11,7.7,8.0,8.2,8.1,7.5
BENZYLPENICILLIN,21,2024-09,8,8,7.6,7.5,7.5,8.2,7.6
AMETHOCAINE,21,2024-09,19,19,7.4,8.0,8.6,9.2,7.0
TIOTROPIN,21,2024-09,23,23,7.3,10.1,16.6,11.7,6.8
DEXASONE,21,2024-09,0,0,7.3,7.5,,8.4,8.2
SIDENAFIL,21,2024-09,10,10,7.1,7.1,7.2,9.1,7.0
AXITINIB,21,2024-09,14,14,7.1,7.6,8.0,8.3,6.9
ABCIXIMAB,21,2024-09,5,5,6.7,6.5,6.3,6.9,6.8
FLUVIR,21,2024-09,0,0,6.5,6.0,,8.0,7.3
OSIMERTINIB,21,2024-09,8,8,6.4,7.1,7.3,7.7,6.3
BICTEGRAVIR,21,2024-09,2,2,6.4,6.8,6.6,7.5,6.8
FAMCICLOVIR,21,2024-09,17,17,6.3,6.6,7.3,7.8,5.9
RICOVIR,21,2024-09,12,12,6.3,6.1,6.2,7.5,6.1
VIROVIR,21,2024-09,8,8,6.1,6.2,6.3,6.9,6.0
CIDOFOVIR,21,2024-09,3,3,6.0,5.9,5.5,6.6,6.2
CANMAB,21,2024-09,4,4,6.0,6.0,5.9,6.8,6.1
REMDESIVIR,21,2024-09,6,6,5.9,5.9,6.0,7.4,5.9
ALSARTAN,21,2024-09,4,4,5.6,5.7,5.5,6.1,5.7
ECONAZOLE,21,2024-09,8,8,5.6,5.7,6.0,6.7,5.5
OXETACAINE,21,2024-09,11,11,5.4,5.7,5.7,6.7,5.1
VELPATASVIR,21,2024-09,4,4,5.4,5.4,5.0,6.5,5.4
SULTAMICILLIN,21,2024-09,6,6,5.4,6.0,6.2,6.3,5.4
PRAZOLE,21,2024-09,8,8,5.3,5.4,5.6,6.2,5.2
OSIVIR,21,2024-09,3,3,5.2,5.2,5.1,5.7,5.3
ENTAVIR,21,2024-09,4,4,5.0,4.9,4.7,5.8,5.1
NIZATIDINE,21,2024-09,4,4,5.0,5.1,4.9,5.2,5.0
LAMIVIR,21,2024-09,3,3,5.0,4.8,4.6,5.3,5.2
STREPTOMYCIN,21,2024-09,13,13,5.0,5.2,5.7,6.5,4.7
MGDAPAGLIFLOZIN,21,2024-09,3,3,4.8,4.8,5.3,5.8,4.9
ANAZOLE,21,2024-09,8,8,4.8,4.7,4.8,5.3,4.7
CORTECYCLINE,21,2024-09,5,5,4.7,4.7,4.7,5.0,4.7
AMLOXICILLIN,21,2024-09,5,5,4.5,4.6,4.6,5.1,4.4
AZACITADINE,21,2024-09,0,0,4.5,4.5,,5.2,5.1
VONAVIR,21,2024-09,4,4,4.4,4.4,4.3,4.8,4.4
SITAPRIL,21,2024-09,13,13,4.3,4.3,4.2,5.5,4.0
TRICAINE,21,2024-09,7,7,4.2,4.2,3.7,6.1,4.1
FEBENDAZOLE,21,2024-09,2,2,4.1,4.5,4.4,5.3,4.2
NICARDIPINE,21,2024-09,5,5,4.0,4.1,4.0,5.4,4.0
DESLORATIDINE,21,2024-09,2,2,4.0,3.9,3.6,5.5,4.2
CETUXIMAB,21,2024-09,6,6,3.9,3.9,4.1,4.4,3.8
ATROPIN,21,2024-09,3,3,3.8,3.7,3.6,4.4,3.9
ASITOMYCIN,21,2024-09,17,17,3.7,3.7,4.1,5.6,3.4
RALTEGRAVIR,21,2024-09,3,3,3.7,3.4,3.6,4.3,3.7
VIDAGLIPTIN,21,2024-09,8,8,3.7,3.6,4.0,4.6,3.6
TRANDOLAPRIL,21,2024-09,4,4,3.5,3.4,2.9,4.2,3.5
ZIOMYCIN,21,2024-09,1,1,3.5,3.5,3.4,4.0,3.7
DIAZOLE,21,2024-09,7,7,3.5,3.7,4.2,4.6,3.3
PAPARIN,21,2024-09,8,8,3.4,3.3,3.3,4.1,3.2
ONDENSETRON,21,2024-09,2,2,3.4,3.4,3.4,4.7,3.4
EFAVIR,21,2024-09,4,4,3.4,3.8,3.6,3.9,3.4
LEVOBUPIVACAINE,21,2024-09,7,7,3.4,3.5,3.5,4.7,3.3
ULINASTATIN,21,2024-09,3,3,3.4,3.6,3.7,4.0,3.4
CONSUMPTIONDEXAMETHASONE,21,2024-09,0,0,3.3,3.3,,4.2,3.6
ANZAVIR,21,2024-09,3,3,3.3,3.3,3.4,3.9,3.3
LUSTATIN,21,2024-09,2,2,3.3,3.3,2.5,5.4,3.4
FOSINOPRIL,21,2024-09,13,13,3.2,3.5,2.9,5.4,2.9
CONSUMPTIONDACTINOMYCIN,21,2024-09,2,2,3.2,3.3,3.2,3.4,3.3
CONSUMPTIONMETRONIDAZOLE,21,2024-09,0,0,3.2,3.0,,3.9,3.6
BETAXOLOL,21,2024-09,4,4,3.2,3.1,3.4,3.7,3.1
ROSVASTATIN,21,2024-09,2,2,3.1,2.8,2.6,3.1,3.3
KETACONAZOLE,21,2024-09,2,2,3.1,3.2,2.8,4.1,3.2
OSETRON,21,2024-09,3,3,3.0,3.3,2.9,4.9,3.0
REBEPRAZOLE,21,2024-09,2,2,3.0,3.0,2.4,3.8,3.0
MNOPHYLLINE,21,2024-09,3,3,3.0,3.1,3.1,3.4,3.0
DROSTOLONE,21,2024-09,9,9,3.0,3.2,3.5,3.7,2.8
PROCAINE,21,2024-09,2,2,2.9,3.2,3.3,3.7,3.0
ACYLOVIR,21,2024-09,5,5,2.9,3.1,3.0,3.6,2.9
NIVOLUMAB,21,2024-09,8,8,2.9,3.1,3.9,4.2,2.8
OMALIZUMAB,21,2024-09,2,2,2.9,3.2,2.2,3.9,3.0
AZILSARTAN,21,2024-09,1,1,2.8,3.0,2.7,3.5,3.0
BESIFLOXACIN,21,2024-09,6,6,2.8,2.9,2.8,3.3,2.6
EPERISONE,21,2024-09,3,3,2.8,2.7,2.6,3.2,2.8
NAMCOMYCIN,21,2024-09,7,7,2.8,3.0,3.7,3.8,2.7
PIPRACILLIN,21,2024-09,1,1,2.8,3.0,2.6,3.8,3.0
CONSUMPTIONACICLOVIR,21,2024-09,0,0,2.7,2.6,,3.5,3.0
MCOSVIR,21,2024-09,2,2,2.7,2.7,2.1,4.6,2.7
OCUCYCLINE,21,2024-09,4,4,2.7,2.7,2.8,3.1,2.7
METHYPREDNISOLONE,21,2024-09,2,2,2.7,2.5,1.8,3.5,2.7
LORAZEPAM,21,2024-09,3,3,2.7,2.9,2.8,3.4,2.7
CONSUMPTIONHYDROCORTISONE,21,2024-09,2,2,2.7,2.6,2.2,3.0,2.7
DEXRABEPRAZOLE,21,2024-09,2,2,2.7,2.6,2.3,3.4,2.7
METHYLEREDNISOLONE,21,2024-09,0,0,2.6,2.5,,2.8,2.9
NIFIDIPINE,21,2024-09,0,0,2.6,2.5,,3.3,2.9
BETHAMETHASONE,21,2024-09,1,1,2.6,2.4,2.2,3.0,2.7
BIODRONATE,21,2024-09,6,6,2.5,2.3,2.5,3.3,2.3
RAMUCIRUMAB,21,2024-09,2,2,2.5,2.5,2.4,3.1,2.5
ACALABRUTINIB,21,2024-09,10,10,2.5,2.9,3.2,4.0,2.3
FLUVASTATIN,21,2024-09,0,0,2.5,2.6,,3.4,2.8
PENCILLIN,21,2024-09,0,0,2.5,2.3,,2.7,2.7
AFATINIB,21,2024-09,4,4,2.5,2.7,2.6,3.0,2.4
CONSUMPTIONCLINDAMYCIN,21,2024-09,3,3,2.5,2.5,2.7,3.1,2.5
ATROVASTATIN,21,2024-09,1,1,2.4,2.1,1.7,3.2,2.5
APRAZOLE,21,2024-09,3,3,2.4,2.3,2.1,3.1,2.4
PROPONOLOL,21,2024-09,0,0,2.4,1.4,,3.3,2.6
SERTACONAZOLE,21,2024-09,7,7,2.4,2.4,2.7,3.1,2.3
RANIBIZUMAB,21,2024-09,4,4,2.3,2.4,2.1,3.3,2.2
CONSUMPTIONMETOPROLOL,21,2024-09,2,2,2.3,2.4,2.5,2.6,2.3
COTROPIN,21,2024-09,3,3,2.3,2.2,2.2,2.5,2.2
FLUROMETHOLONE,21,2024-09,3,3,2.3,2.3,2.4,2.7,2.2
NADIFLOXACIN,21,2024-09,1,1,2.2,2.3,2.5,2.8,2.3
INFIMAB,21,2024-09,0,0,2.2,2.4,,2.7,2.4
ANDBETAMETHASONE,21,2024-09,3,3,2.2,2.4,2.9,3.0,2.2
DESOXIMETASONE,21,2024-09,4,4,2.2,2.1,2.4,2.8,2.1
DEXAMETHSONE,21,2024-09,2,2,2.1,1.9,1.5,2.7,2.1
SPECTINOMYCIN,21,2024-09,5,5,2.1,2.1,1.7,3.2,2.0
GOODSENALAPRIL,21,2024-09,5,5,2.1,2.3,2.5,2.5,2.0
ONDASETRON,21,2024-09,2,2,2.1,2.0,2.1,2.7,2.1
EUMOSONE,21,2024-09,3,3,2.1,1.9,1.6,2.9,2.0
MUCAINE,21,2024-09,1,1,2.1,2.3,2.1,2.8,2.1
NIRMATRELVIR,21,2024-09,4,4,2.1,2.0,1.9,2.8,2.0
AMOXCYCILLIN,21,2024-09,24,24,2.0,2.4,7.7,6.5,1.7
PREDINISOLONE,21,2024-09,5,5,2.0,2.3,5.2,3.5,1.9
CONSUMPTIONNIMODIPINE,21,2024-09,1,1,2.0,1.9,1.8,2.4,2.1
GLOPRIL,21,2024-09,4,4,2.0,1.9,1.5,2.7,1.9
AKSONE,21,2024-09,0,0,1.9,2.0,,2.0,2.1
CONSUMPTIONTRIAMCINOLONE,21,2024-09,1,1,1.9,1.9,1.8,2.8,2.0
DASAMOOLAM,21,2024-09,4,4,1.9,1.8,1.5,2.6,1.8
DEXAMETHOSONE,21,2024-09,13,13,1.9,2.3,5.6,4.6,1.7
SOMATOSTATIN,21,2024-09,0,0,1.9,2.2,,2.2,2.1
PERTUZUMAB,21,2024-09,15,15,1.9,2.2,2.9,3.1,1.7
INTACAINE,21,2024-09,1,1,1.9,2.0,3.3,3.3,2.0
GONDOTROPIN,21,2024-09,1,1,1.9,2.0,1.8,2.3,2.0
VALACVIR,21,2024-09,4,4,1.9,1.7,1.8,2.2,1.8
CONSUMPTIONLIGNOCAINE,21,2024-09,0,0,1.8,1.8,,2.3,1.9
CONSUMPTIONPREDNISOLONE,21,2024-09,1,1,1.8,1.8,1.9,2.2,1.8
QUINAPRIL,21,2024-09,12,12,1.8,1.8,2.3,3.1,1.6
PENVIR,21,2024-09,1,1,1.8,2.1,2.8,2.7,1.9
NEOMERCAZOLE,21,2024-09,1,1,1.7,1.7,1.6,2.1,1.7
MANIDIPINE,21,2024-09,10,10,1.7,1.9,2.2,3.3,1.5
MEDICINESSIMVASTATIN,21,2024-09,1,1,1.7,1.8,2.0,2.3,1.7
CHORIOGONADOTROPIN,21,2024-09,1,1,1.7,1.8,0.7,2.5,1.7
VEDOLIZUMAB,21,2024-09,2,2,1.7,2.0,3.2,2.9,1.7
VEDAFIL,21,2024-09,1,1,1.7,1.9,1.3,2.2,1.7
COROVIR,21,2024-09,8,8,1.7,1.9,4.4,3.0,1.5
ANDCLOXACILLIN,21,2024-09,4,4,1.6,1.8,2.3,2.3,1.5
SETRON,21,2024-09,3,3,1.6,1.4,1.1,2.3,1.5
MICNAZOLE,21,2024-09,1,1,1.6,1.6,1.4,2.0,1.6
FELIMAZOLE,21,2024-09,3,3,1.6,1.6,1.2,3.0,1.6
ONTINIB,21,2024-09,4,4,1.6,1.7,2.2,2.1,1.5
ARISTOCILLIN,21,2024-09,3,3,1.5,1.5,1.8,1.8,1.4
BISOLOL,21,2024-09,2,2,1.5,1.5,1.7,2.1,1.5
FLURISONE,21,2024-09,2,2,1.5,1.4,1.1,1.9,1.5
FLUCANAZOLE,21,2024-09,0,0,1.5,1.5,,1.7,1.6
ADRIAMYCIN,21,2024-09,5,5,1.5,1.6,1.4,2.0,1.4
CREAMBETAMETHASONE,21,2024-09,0,0,1.5,1.6,,2.1,1.6
CONSUMPTIONAMINOPHYLLINE,21,2024-09,1,1,1.5,1.5,1.5,1.7,1.6
BEVAMAB,21,2024-09,1,1,1.5,1.7,1.0,2.1,1.5
PHENOCAINE,21,2024-09,5,5,1.5,1.6,1.8,2.1,1.4
OCLACITINIB,21,2024-09,2,2,1.5,1.5,2.1,2.1,1.5
CONSUMPTIONAMANTADINE,21,2024-09,2,2,1.4,1.5,0.9,1.8,1.4
ATEZOLIZUMAB,21,2024-09,1,1,1.4,1.3,1.5,1.9,1.5
RAZUMAB,21,2024-09,1,1,1.4,1.5,1.1,1.8,1.4
CONSUMPTIONFLUTICASONE,21,2024-09,0,0,1.4,1.2,,1.9,1.5
ACICLOROVIR,21,2024-09,1,1,1.4,1.4,0.5,2.1,1.5
MOMENTASONE,21,2024-09,1,1,1.4,1.3,0.7,1.9,1.5
CONSUMPTIONFOSFOMYCIN,21,2024-09,1,1,1.3,1.5,1.2,1.5,1.3
CONSUMPTIONIMATINIB,21,2024-09,0,0,1.3,1.4,,1.8,1.4
COTRIMAXAZOLE,21,2024-09,2,2,1.3,1.2,1.3,1.9,1.3
ROSCILLIN,21,2024-09,0,0,1.3,1.3,,1.7,1.4
CONSUMPTIONKETOCONAZOLE,21,2024-09,0,0,1.3,1.4,,1.9,1.4
MOROVIR,21,2024-09,3,3,1.3,1.5,1.6,1.8,1.2
BOSUTINIB,21,2024-09,3,3,1.3,1.5,1.7,2.2,1.3
CONSUMPTIONBEVACIZUMAB,21,2024-09,0,0,1.3,1.5,,1.9,1.5
NEOCLOVIR,21,2024-09,1,1,1.3,1.3,1.3,1.7,1.3
OCRELIZUMAB,21,2024-09,0,0,1.3,1.4,,1.8,1.4
JOVASTATIN,21,2024-09,9,9,1.3,1.3,1.9,2.3,1.2
MICANAZOLE,21,2024-09,0,0,1.2,1.2,,1.7,1.3
CONSUMPTIONMITOMYCIN,21,2024-09,0,0,1.2,1.2,,1.7,1.3
BARICITINIB,21,2024-09,2,2,1.2,1.2,1.1,1.5,1.1
ULTRAZOLE,21,2024-09,0,0,1.2,0.9,,1.6,1.3
LACIDIPINE,21,2024-09,0,0,1.2,1.3,,1.6,1.3
METHLYPREDNISOLONE,21,2024-09,5,5,1.2,1.3,1.6,1.9,1.1
CONSUMPTIONHEPARIN,21,2024-09,0,0,1.2,1.2,,1.5,1.3
CONSUMPTIONBISOPROLOL,21,2024-09,0,0,1.1,1.2,,2.0,1.1
ELOSONE,21,2024-09,0,0,1.1,1.0,,1.6,1.2
GOLIMUMAB,21,2024-09,3,3,1.1,1.2,1.4,1.7,1.1
GEFTINIB,21,2024-09,4,4,1.1,1.2,1.9,1.5,1.0
CONSUMPTIONCARBIMAZOLE,21,2024-09,0,0,1.1,1.3,,1.7,1.2
GOODSATENOLOL,21,2024-09,2,2,1.0,1.0,0.5,1.6,0.9
OLIMAB,21,2024-09,2,2,1.0,1.0,1.6,1.5,0.9
ZOFENOPRIL,21,2024-09,0,0,1.0,1.1,,1.2,1.1
MYLOTINIB,21,2024-09,0,0,1.0,1.0,,1.3,1.1
ZIDOLAM,21,2024-09,1,1,1.0,1.2,1.0,1.4,1.0
PROCTOCAINE,21,2024-09,1,1,1.0,1.0,0.1,1.4,1.0
TADAFIL,21,2024-09,0,0,1.0,1.0,,1.2,1.1
CONSUMPTIONGANCICLOVIR,21,2024-09,1,1,1.0,1.2,1.0,1.2,1.0
CONSUMPTIONTOFACITINIB,21,2024-09,0,0,1.0,1.0,,1.2,1.1
CONSUMPTIONDAPAGLIFLOZIN,21,2024-09,0,0,1.0,1.2,,1.3,1.1
AZITROMYCIN,21,2024-09,0,0,1.0,1.1,,1.3,1.1
AMLOCODIPINE,21,2024-09,1,1,1.0,1.0,1.0,1.1,1.0
CONSUMPTIONESMOLOL,21,2024-09,1,1,1.0,1.1,0.6,1.5,1.0
OLAPATADINE,21,2024-09,3,3,1.0,1.1,1.3,1.4,0.9
GAMAKVIR,21,2024-09,1,1,0.9,1.1,1.0,1.1,0.9
ECOPRIL,21,2024-09,3,3,0.9,0.9,1.4,1.2,0.8
ERTHROMYCIN,21,2024-09,1,1,0.9,1.0,0.4,1.3,0.9
TIBOLONE,21,2024-09,0,0,0.9,0.9,,1.3,1.0
TINOVIR,21,2024-09,1,1,0.9,1.0,1.1,1.2,0.9
BRIMOLOL,21,2024-09,3,3,0.9,1.0,1.7,1.2,0.8
CLINIDIPINE,21,2024-09,4,4,0.9,0.9,1.7,1.4,0.9
READYAZITHROMYCIN,21,2024-09,0,0,0.9,0.9,,1.3,1.0
SILDINAFIL,21,2024-09,1,1,0.9,0.6,0.9,2.9,0.9
BECLAMETHASONE,21,2024-09,0,0,0.8,0.8,,1.2,0.9
TRINMELIMAB,21,2024-09,2,2,0.8,0.8,0.8,1.1,0.7
ACEBUTOLOL,21,2024-09,7,7,0.8,0.9,2.0,1.9,0.7
ACTINOMYCIN,21,2024-09,1,1,0.8,0.8,1.3,1.2,0.8
NTAMYCIN,21,2024-09,1,1,0.8,0.8,0.7,1.2,0.8
LETRAZOLE,21,2024-09,1,1,0.8,0.8,0.1,1.1,0.8
CONSUMPTIONARIPIPRAZOLE,21,2024-09,0,0,0.8,0.9,,1.0,0.9
TASONE,21,2024-09,1,1,0.8,0.7,0.4,1.2,0.7
BIFONAZOLE,21,2024-09,0,0,0.8,0.9,,1.0,0.9
TOCILIZUMAB,21,2024-09,1,1,0.8,0.8,0.6,1.3,0.8
CONSUMPTIONONDANSETRON,21,2024-09,0,0,0.8,1.0,,1.4,0.9
CONSUMPTIONTADALAFIL,21,2024-09,1,1,0.8,0.8,0.2,1.2,0.8
CONSUMPTIONLEVOBUPIVACAINE,21,2024-09,1,1,0.7,0.7,0.7,0.9,0.6
PHYLLINE,21,2024-09,0,0,0.7,0.8,,1.0,0.7
CONSUMPTIONESOMEPRAZOLE,21,2024-09,0,0,0.7,0.7,,1.0,0.7
CRONIVIR,21,2024-09,3,3,0.7,0.8,2.5,1.5,0.6
MEDICINESAZITHROMYCIN,21,2024-09,1,1,0.7,0.8,0.2,1.1,0.7
ESOMAPRAZOLE,21,2024-09,1,1,0.7,0.8,2.3,1.2,0.7
AUROMYCIN,21,2024-09,0,0,0.7,0.7,,1.0,0.7
TRIMCINOLONE,21,2024-09,0,0,0.7,0.7,,1.1,0.8
CONSUMPTIONRANITIDINE,21,2024-09,0,0,0.7,0.8,,1.0,0.8
DEXAMETASONE,21,2024-09,0,0,0.7,0.8,,1.0,0.8
EKANGVIR,21,2024-09,1,1,0.7,0.7,0.6,0.8,0.7
METHONOLONE,21,2024-09,0,0,0.6,0.7,,1.0,0.6
MICROVIR,21,2024-09,0,0,0.6,0.7,,1.0,0.7
TRAMETINIB,21,2024-09,0,0,0.6,0.6,,1.0,0.6
ANDFLUTICASONE,21,2024-09,0,0,0.6,0.7,,0.9,0.7
DEMISONE,21,2024-09,0,0,0.6,0.6,,1.0,0.7
CONSUMPTIONLENVATINIB,21,2024-09,0,0,0.6,0.7,,1.0,0.6
CORTISONE,21,2024-09,0,0,0.6,0.6,,0.9,0.6
CONSUMPTIONRITUXIMAB,21,2024-09,0,0,0.6,0.6,,1.1,0.6
ESOMPERAZOLE,21,2024-09,3,3,0.5,0.6,2.5,1.2,0.5
NOXAPARIN,21,2024-09,0,0,0.5,0.6,,1.1,0.6
LEECAINE,21,2024-09,2,2,0.5,0.6,0.8,0.7,0.5
SLIDENAFIL,21,2024-09,0,0,0.5,0.5,,0.7,0.5
ANTECAVIR,21,2024-09,0,0,0.5,0.5,,0.8,0.6
TEMISARTAN,21,2024-09,0,0,0.5,0.6,,0.9,0.6
OLPAVIR,21,2024-09,5,5,0.4,0.5,2.1,0.7,0.3
CONSUMPTIONMOMETASONE,21,2024-09,0,0,0.4,0.5,,0.8,0.5
CUTISONE,21,2024-09,0,0,0.4,0.4,,0.7,0.4
SUPLHAMETHOXAZOLE,21,2024-09,1,1,0.4,0.4,1.0,0.6,0.4
UPADACITINIB,21,2024-09,0,0,0.2,0.3,,0.5,0.3
